variable,grp,avg_time,avg_amp,avg_duration,n_durations,solution
E,-1201,-1.2006881e6,1.1300293763174047,406.19999999995343,2,ZB23.R01
E,-1202,-1.2015008e6,1.5308453513758549,406.4000000000233,2,ZB23.R01
E,-1203,-1.2025171333333333e6,1.7065633728823772,406.5333333333644,3,ZB23.R01
E,-1204,-1.2035326e6,1.5111123932581965,405.5999999999767,2,ZB23.R01
E,-1205,-1.2043427e6,1.0872790739065497,404.5999999999767,2,ZB23.R01
e,-1201,-1.2005375e6,1.2265795575249436,94.91999999999534,10,ZB23.R01
e,-1202,-1.20151322e6,0.9209595327747782,103.0,10,ZB23.R01
e,-1203,-1.20252044e6,1.0110182871665463,95.91999999999534,10,ZB23.R01
e,-1204,-1.20350422e6,0.9620658393493869,103.08000000000466,10,ZB23.R01
e,-1205,-1.204457111111111e6,1.3839034856687844,96.71111111112663,9,ZB23.R01
o1,-1201,-1.2004979428571428e6,0.4624577342019891,23.447619047620158,42,ZB23.R01
o1,-1202,-1.2014936837209305e6,0.47888135102103235,23.423255813952405,43,ZB23.R01
o1,-1203,-1.202500758139535e6,0.4846920289637955,23.413953488373178,43,ZB23.R01
o1,-1204,-1.2035073906976746e6,0.4813937900271617,23.413953488373178,43,ZB23.R01
o1,-1205,-1.2045021523809524e6,0.4767942079253735,23.4095238095227,42,ZB23.R01
o12,-1201,-1.2004967208333334e6,1.5626596928774765,20.591666666664725,48,ZB23.R01
o12,-1202,-1.2014967551020412e6,1.5613182222393749,20.53061224489796,49,ZB23.R01
o12,-1203,-1.2025059234042554e6,1.1093082475786222,21.106382978723403,47,ZB23.R01
o12,-1204,-1.2034981755102042e6,1.3596164708085532,20.62857142857238,49,ZB23.R01
o12,-1205,-1.2044953499999999e6,1.4755311447241464,20.633333333336243,48,ZB23.R01
o2,-1201,-1.2004967916666667e6,1.5772213757670004,20.60000000000097,48,ZB23.R01
o2,-1202,-1.2014967387755103e6,1.585364129840431,20.514285714284764,49,ZB23.R01
o2,-1203,-1.2024980041666664e6,1.0717995348658054,20.67500000000291,48,ZB23.R01
o2,-1204,-1.2034982408163266e6,1.3539736353834748,20.612244897959183,49,ZB23.R01
o2,-1205,-1.2044953958333333e6,1.4727740740337893,20.625,48,ZB23.R01
o3,-1201,-1.200503445614035e6,0.5832603060514673,17.319298245617304,57,ZB23.R01
o3,-1202,-1.201498651724138e6,0.5568773205587231,17.31724137930874,58,ZB23.R01
o3,-1203,-1.2025028172413788e6,0.5616818549868514,17.289655172414594,58,ZB23.R01
o3,-1204,-1.203505403448276e6,0.5328849821859167,17.30344827585966,58,ZB23.R01
o3,-1205,-1.2044998701754385e6,0.5597691354527092,17.228070175438596,57,ZB23.R01
p,-1201,-1.2005056885714289e6,1.352728279438363,14.062857142855812,70,ZB23.R01
p,-1202,-1.2014938171428572e6,1.4869777109895215,14.377142857141527,70,ZB23.R01
p,-1203,-1.2025010138888888e6,1.2905554196622948,13.872222222222868,72,ZB23.R01
p,-1204,-1.203503144927536e6,1.4681318253546012,14.591304347826762,69,ZB23.R01
p,-1205,-1.2044984695652172e6,1.4807090821704967,14.23768115941894,69,ZB23.R01
p1,-1201,-1.200500255882353e6,1.160406801314592,14.476470588233925,68,ZB23.R01
p1,-1202,-1.2014937499999998e6,1.484300242528244,14.805882352941861,68,ZB23.R01
p1,-1203,-1.2025055470588235e6,1.23413354617949,14.694117647058139,68,ZB23.R01
p1,-1204,-1.2034996352941177e6,1.4660831225426154,14.800000000002054,68,ZB23.R01
p1,-1205,-1.2045040656716416e6,1.2624104274347125,14.686567164179104,67,ZB23.R01
p2,-1201,-1.2004994999999998e6,0.8266056238276437,13.063157894737454,76,ZB23.R01
p2,-1202,-1.2014987740259743e6,0.6105930639018755,13.111688311689521,77,ZB23.R01
p2,-1203,-1.2025022447368426e6,0.7055084625703874,13.078947368421053,76,ZB23.R01
p2,-1204,-1.2034956710526312e6,0.5673022024186113,13.110526315788249,76,ZB23.R01
p2,-1205,-1.2044976233766233e6,0.902833059607444,13.04415584415766,77,ZB23.R01
E,-1201,-1.2005281e6,0.7133655415243618,401.4000000000233,2,ZB23.R02
E,-1202,-1.2015327333333334e6,0.9903276886994887,402.2666666666046,3,ZB23.R02
E,-1203,-1.2025398e6,1.0870055436402657,403.60000000009313,2,ZB23.R02
E,-1204,-1.203549133333333e6,1.002985499495449,403.5999999999379,3,ZB23.R02
E,-1205,-1.2045576e6,0.7129768726974106,403.20000000006985,2,ZB23.R02
e,-1201,-1.2004958e6,1.661600817767925,98.16000000000932,10,ZB23.R02
e,-1202,-1.2014872000000002e6,0.9311781261147769,91.85454545453699,11,ZB23.R02
e,-1203,-1.2024807799999998e6,1.8693976098718779,97.31999999999535,10,ZB23.R02
e,-1204,-1.203480236363636e6,0.9768826768888453,91.74545454545031,11,ZB23.R02
e,-1205,-1.2044608e6,1.6117570698404386,96.96000000000932,10,ZB23.R02
o1,-1201,-1.2005041627906978e6,0.32576148477021777,23.358139534881555,43,ZB23.R02
o1,-1202,-1.2015092976744184e6,0.3142287304597911,23.376744186050843,43,ZB23.R02
o1,-1203,-1.202502280952381e6,0.31895470622494704,23.361904761903652,42,ZB23.R02
o1,-1204,-1.2034952372093021e6,0.31879248021958195,23.3674418604662,43,ZB23.R02
o1,-1205,-1.2044875142857144e6,0.31756629945936393,23.314285714284605,42,ZB23.R02
o12,-1201,-1.2005003749999995e6,1.3583251473215838,20.683333333334303,48,ZB23.R02
o12,-1202,-1.201499367346939e6,1.8614035526766648,20.514285714284764,49,ZB23.R02
o12,-1203,-1.2024991791666667e6,1.5566860919309375,20.67499999999806,48,ZB23.R02
o12,-1204,-1.203499293877551e6,1.816784592556178,20.514285714284764,49,ZB23.R02
o12,-1205,-1.2044966125e6,1.2590913473192413,20.658333333335275,48,ZB23.R02
o2,-1201,-1.2005003125000002e6,1.3368977911211468,20.641666666667636,48,ZB23.R02
o2,-1202,-1.2014993346938775e6,1.9117628052493358,20.514285714284764,49,ZB23.R02
o2,-1203,-1.2024991791666667e6,1.567124637814598,20.691666666670546,48,ZB23.R02
o2,-1204,-1.2034992653061224e6,1.86916576164724,20.50612244897579,49,ZB23.R02
o2,-1205,-1.204496529166667e6,1.2357010263956594,20.625,48,ZB23.R02
o3,-1201,-1.200506072413793e6,0.27415396389190627,17.303448275863676,58,ZB23.R02
o3,-1202,-1.2015038105263158e6,0.27353374650924883,17.333333333333332,57,ZB23.R02
o3,-1203,-1.202496105084746e6,0.2500503858711107,17.03728813559243,59,ZB23.R02
o3,-1204,-1.203500440677966e6,0.25497981446389156,17.071186440677177,59,ZB23.R02
o3,-1205,-1.204503189473684e6,0.2635244679885972,17.228070175438596,57,ZB23.R02
p,-1201,-1.2005044450704232e6,1.5292929234724728,13.971830985915492,71,ZB23.R02
p,-1202,-1.2015067514285718e6,1.1244353588105618,14.23428571428771,70,ZB23.R02
p,-1203,-1.202503816216217e6,1.58841926032473,13.578378378375861,74,ZB23.R02
p,-1204,-1.2034985257142854e6,1.229795894448757,14.217142857145518,70,ZB23.R02
p,-1205,-1.204492569014085e6,1.4860693248697208,13.971830985915492,71,ZB23.R02
p1,-1201,-1.2005086597014926e6,1.2692862823912405,14.80000000000139,67,ZB23.R02
p1,-1202,-1.201500405970149e6,1.0917589909101435,14.877611940295727,67,ZB23.R02
p1,-1203,-1.2025011910447765e6,1.2294323832563214,15.014925373134329,67,ZB23.R02
p1,-1204,-1.2035024029850748e6,1.145107942668361,14.87164179104686,67,ZB23.R02
p1,-1205,-1.2044939164179103e6,1.2056603675373352,14.782089552237416,67,ZB23.R02
p2,-1201,-1.2005042736842104e6,1.1202991187138145,13.042105263160346,76,ZB23.R02
p2,-1202,-1.2014978077922068e6,0.5735353605719223,12.95584415584234,77,ZB23.R02
p2,-1203,-1.2024984051948057e6,1.3656890232996137,13.018181818183633,77,ZB23.R02
p2,-1204,-1.2034964894736838e6,0.6675941753587225,13.11578947368176,76,ZB23.R02
p2,-1205,-1.204491068421053e6,1.1072325433062034,13.031578947370258,76,ZB23.R02
E,-1201,-1.2004549e6,0.984657591058056,405.0,2,ZB23.R03
E,-1202,-1.201471e6,1.3295048996473822,407.8666666666977,3,ZB23.R03
E,-1203,-1.2024937000000002e6,1.4247065224912698,410.19999999995343,2,ZB23.R03
E,-1204,-1.2035171333333335e6,1.3426806544614875,408.1333333333023,3,ZB23.R03
E,-1205,-1.2045337e6,1.013457582447891,405.0,2,ZB23.R03
e,-1201,-1.2005008666666667e6,0.998319132814194,102.44444444444444,9,ZB23.R03
e,-1202,-1.2014996363636365e6,1.2737866564937577,96.72727272727273,11,ZB23.R03
e,-1203,-1.2025051777777777e6,1.3660796246942202,103.33333333333333,9,ZB23.R03
e,-1204,-1.2034485e6,1.3819218758788678,105.88000000000466,10,ZB23.R03
e,-1205,-1.2044918599999999e6,0.7209995661025003,95.48000000000465,10,ZB23.R03
o1,-1201,-1.200508061904762e6,0.31068442818329606,23.361904761903652,42,ZB23.R03
o1,-1202,-1.2015010093023255e6,0.30101022808069733,23.358139534881555,43,ZB23.R03
o1,-1203,-1.2025054511627909e6,0.29912646796039416,23.348837209302324,43,ZB23.R03
o1,-1204,-1.2035091627906975e6,0.30946283455490203,23.348837209302324,43,ZB23.R03
o1,-1205,-1.2045019619047623e6,0.2705865438609332,23.447619047620158,42,ZB23.R03
o12,-1201,-1.2005139208333334e6,1.3139478726102083,20.608333333332364,48,ZB23.R03
o12,-1202,-1.2015017416666665e6,1.506114120654994,20.60000000000097,48,ZB23.R03
o12,-1203,-1.202498232653061e6,1.7318718235709987,20.53061224489796,49,ZB23.R03
o12,-1204,-1.203496366666667e6,1.510286685447084,20.566666666665697,48,ZB23.R03
o12,-1205,-1.204493624489796e6,1.745009971068439,20.522448979593737,49,ZB23.R03
o2,-1201,-1.2005036244897956e6,1.3141840779503497,20.587755102037015,49,ZB23.R03
o2,-1202,-1.2015017291666667e6,1.5116172141381092,20.59166666666958,48,ZB23.R03
o2,-1203,-1.2024982326530612e6,1.771527949874058,20.53061224489796,49,ZB23.R03
o2,-1204,-1.2034963624999996e6,1.5414320120949523,20.591666666664725,48,ZB23.R03
o2,-1205,-1.2044936204081634e6,1.77786931707676,20.481632653063127,49,ZB23.R03
o3,-1201,-1.2005032000000002e6,0.2643867337073166,17.263157894736842,57,ZB23.R03
o3,-1202,-1.2014963931034482e6,0.24990015829098658,17.282758620692064,58,ZB23.R03
o3,-1203,-1.20249694137931e6,0.23583353586531527,17.23448275861828,58,ZB23.R03
o3,-1204,-1.203497779310345e6,0.28298977422176064,17.255172413793908,58,ZB23.R03
o3,-1205,-1.204490592982456e6,0.23124815020556558,17.312280701755203,57,ZB23.R03
p,-1201,-1.2005081885714286e6,1.4437449863574585,14.297142857140196,70,ZB23.R03
p,-1202,-1.2014980366197182e6,1.3890318442016476,13.921126760565349,71,ZB23.R03
p,-1203,-1.2024976085714288e6,1.5210622478261984,14.291428571427241,70,ZB23.R03
p,-1204,-1.2034864777777777e6,1.39972701253786,13.911111111112405,72,ZB23.R03
p,-1205,-1.2044981797101453e6,1.4323586767952285,14.515942028983483,69,ZB23.R03
p1,-1201,-1.200499173529412e6,1.3475911588092166,14.558823529411764,68,ZB23.R03
p1,-1202,-1.2014937739130438e6,1.2133189683814272,14.481159420292554,69,ZB23.R03
p1,-1203,-1.202498517647059e6,1.3782248218214745,14.764705882352942,68,ZB23.R03
p1,-1204,-1.2034968782608698e6,1.2258671887628705,14.46376811594203,69,ZB23.R03
p1,-1205,-1.2044908823529414e6,1.3503659664931693,14.552941176468535,68,ZB23.R03
p2,-1201,-1.200507157894737e6,0.6452933657547008,13.105263157894736,76,ZB23.R03
p2,-1202,-1.2015014763157894e6,0.96076831539012,13.06842105263403,76,ZB23.R03
p2,-1203,-1.20250311948052e6,0.8445005831961403,13.096103896102687,77,ZB23.R03
p2,-1204,-1.2035024078947366e6,0.9422642794560081,13.057894736840879,76,ZB23.R03
p2,-1205,-1.2044964519480518e6,0.47088919099303245,12.96623376623558,77,ZB23.R03
E,-1201,-1.2006669000000001e6,0.5826184613460288,400.60000000009313,2,ZB23.R04
E,-1202,-1.2014692999999998e6,0.8108246856887531,401.79999999993015,2,ZB23.R04
E,-1203,-1.2024746666666667e6,0.8876293270936086,402.1333333333799,3,ZB23.R04
E,-1204,-1.2034785e6,0.7391629966347906,400.5999999999767,2,ZB23.R04
E,-1205,-1.2042768e6,0.49846861095702916,397.5999999999767,2,ZB23.R04
e,-1201,-1.2005442e6,1.8245447189140176,94.31999999999535,10,ZB23.R04
e,-1202,-1.20148616e6,1.3047942221617046,94.16000000000932,10,ZB23.R04
e,-1203,-1.2024753272727274e6,1.824664432242482,93.92727272726849,11,ZB23.R04
e,-1204,-1.2035138545454545e6,1.567271541570826,94.7636363636279,11,ZB23.R04
e,-1205,-1.20450644e6,1.827069757284414,93.36000000000931,10,ZB23.R04
o1,-1201,-1.200510933333333e6,0.5708910797715346,23.390476190473972,42,ZB23.R04
o1,-1202,-1.2015053255813955e6,0.5534494037991324,23.3953488372093,43,ZB23.R04
o1,-1203,-1.202499442857143e6,0.5810121362027231,23.38095238095238,42,ZB23.R04
o1,-1204,-1.2034931534883722e6,0.5648749819990592,23.386046511630074,43,ZB23.R04
o1,-1205,-1.2044982e6,0.5408564848972428,23.339534883723097,43,ZB23.R04
o12,-1201,-1.2004937124999997e6,0.84114958221347,20.67499999999806,48,ZB23.R04
o12,-1202,-1.201491191836735e6,1.744521006598251,20.37551020407973,49,ZB23.R04
o12,-1203,-1.2024989142857143e6,1.0426514180351791,20.685714285716188,49,ZB23.R04
o12,-1204,-1.203502616666667e6,1.5215251671893204,20.64999999999903,48,ZB23.R04
o12,-1205,-1.2044913875e6,1.5863603148341312,20.658333333335275,48,ZB23.R04
o2,-1201,-1.2004981102040815e6,0.7662656652470118,20.220408163266256,49,ZB23.R04
o2,-1202,-1.2014911795918366e6,1.8330475814297094,20.39999999999715,49,ZB23.R04
o2,-1203,-1.2024987346938774e6,1.001833126746043,20.6367346938766,49,ZB23.R04
o2,-1204,-1.2034950326530612e6,1.4977305062425483,20.253061224492647,49,ZB23.R04
o2,-1205,-1.204491220833333e6,1.5675566028344505,20.641666666667636,48,ZB23.R04
o3,-1201,-1.2005001614035086e6,0.5452355159810239,17.375438596489595,57,ZB23.R04
o3,-1202,-1.2015011689655175e6,0.5374421899961214,17.413793103448278,58,ZB23.R04
o3,-1203,-1.2025015438596492e6,0.5535976288821683,17.431578947370056,57,ZB23.R04
o3,-1204,-1.2035020241379312e6,0.5544669334392417,17.386206896550117,58,ZB23.R04
o3,-1205,-1.2045023157894735e6,0.5731685929482112,17.361403508773563,57,ZB23.R04
p,-1201,-1.2004944000000001e6,1.2871814316345802,13.333333333333334,75,ZB23.R04
p,-1202,-1.201504188405797e6,1.259267008234994,14.533333333334008,69,ZB23.R04
p,-1203,-1.202505123287671e6,1.433634430783016,13.698630136986301,73,ZB23.R04
p,-1204,-1.2035110314285716e6,1.2634257442984207,14.234285714284384,70,ZB23.R04
p,-1205,-1.2045070136986298e6,1.4521658738979917,13.578082191780185,73,ZB23.R04
p1,-1201,-1.2005041757575762e6,1.0797571253125955,15.090909090909092,66,ZB23.R04
p1,-1202,-1.2014985696969691e6,1.2579886676993244,15.04242424242142,66,ZB23.R04
p1,-1203,-1.202500674626866e6,1.183075589262557,15.104477611940299,67,ZB23.R04
p1,-1204,-1.2035023484848486e6,1.2484748615720558,15.036363636365753,66,ZB23.R04
p1,-1205,-1.2044964272727268e6,1.0903378921024425,15.084848484846368,66,ZB23.R04
p2,-1201,-1.200503132467535e6,1.1767443280165457,13.007792207793416,77,ZB23.R04
p2,-1202,-1.2015033922077906e6,0.7213963779453304,12.976623376622772,77,ZB23.R04
p2,-1203,-1.2025036753246754e6,1.2502740430474033,13.002597402596798,77,ZB23.R04
p2,-1204,-1.2035039194805191e6,0.8701549488053856,12.981818181819392,77,ZB23.R04
p2,-1205,-1.204497731578948e6,1.3054662089651472,13.0,76,ZB23.R04
E,-1201,-1.2004825999999999e6,0.8419280150210875,400.4000000000233,2,ZB23.R05
E,-1202,-1.2014862666666666e6,1.236729676420292,402.39999999998446,3,ZB23.R05
E,-1203,-1.2024945999999999e6,1.3591340194988328,404.4000000000233,2,ZB23.R05
E,-1204,-1.2035070666666667e6,1.153795477824592,405.3333333333333,3,ZB23.R05
E,-1205,-1.2045216e6,0.7233153980801073,406.4000000000233,2,ZB23.R05
e,-1201,-1.2005548199999998e6,1.550144267224303,97.96000000000932,10,ZB23.R05
e,-1202,-1.2015188250000002e6,1.0545320075017606,113.75,8,ZB23.R05
e,-1203,-1.2024666e6,1.544775969213856,101.68000000000465,10,ZB23.R05
e,-1204,-1.2034739e6,0.9399290036639286,100.03999999999068,10,ZB23.R05
e,-1205,-1.2044682600000002e6,1.6988547008093793,98.68000000000465,10,ZB23.R05
o1,-1201,-1.2005031069767443e6,0.29567188297122954,23.404651162788532,43,ZB23.R05
o1,-1202,-1.2015085348837208e6,0.2832831936536139,23.37674418604543,43,ZB23.R05
o1,-1203,-1.2025018142857144e6,0.2966126266556185,23.361904761903652,42,ZB23.R05
o1,-1204,-1.203494460465116e6,0.2792406672974935,23.35813953488697,43,ZB23.R05
o1,-1205,-1.2044871904761905e6,0.2786240830268625,23.390476190473972,42,ZB23.R05
o12,-1201,-1.2004987166666666e6,1.662268458491967,20.633333333336243,48,ZB23.R05
o12,-1202,-1.201494697959184e6,1.4860054016097854,20.563265306119597,49,ZB23.R05
o12,-1203,-1.2025027591836734e6,1.415662774953523,20.571428571428573,49,ZB23.R05
o12,-1204,-1.2034995166666664e6,1.7528601721149943,20.46666666666958,48,ZB23.R05
o12,-1205,-1.2044855125e6,1.5939224546305386,20.591666666664725,48,ZB23.R05
o2,-1201,-1.2004987333333334e6,1.6606464432069956,20.60000000000097,48,ZB23.R05
o2,-1202,-1.2014946408163267e6,1.5108276009648627,20.563265306119597,49,ZB23.R05
o2,-1203,-1.202502730612245e6,1.4337450486474217,20.56326530612435,49,ZB23.R05
o2,-1204,-1.2034995166666664e6,1.8230322540840982,20.466666666664725,48,ZB23.R05
o2,-1205,-1.2044957183673468e6,1.5889532046671517,20.579591836737546,49,ZB23.R05
o3,-1201,-1.2005040280701756e6,0.1772961493730321,17.34736842105345,57,ZB23.R05
o3,-1202,-1.2014994137931033e6,0.14808080647821573,17.28275862068805,58,ZB23.R05
o3,-1203,-1.2025020793103448e6,0.16786523093954595,17.303448275863676,58,ZB23.R05
o3,-1204,-1.2035059999999998e6,0.1882660523067071,17.310344827586206,58,ZB23.R05
o3,-1205,-1.2045014807017548e6,0.19239439737524364,17.3052631578931,57,ZB23.R05
p,-1201,-1.2005019e6,1.5829592917283306,14.108571428572759,70,ZB23.R05
p,-1202,-1.2015033314285711e6,1.201340924230661,14.228571428571428,70,ZB23.R05
p,-1203,-1.2024982647887329e6,1.5326613492382466,14.163380281688173,71,ZB23.R05
p,-1204,-1.2035016724637686e6,1.2843194232878192,14.452173913046177,69,ZB23.R05
p,-1205,-1.2044958885714293e6,1.5394421634343862,14.154285714283054,70,ZB23.R05
p1,-1201,-1.2005068597014921e6,1.322648854194587,14.794029850745574,67,ZB23.R05
p1,-1202,-1.2014983880597015e6,1.1382842374045898,14.877611940299202,67,ZB23.R05
p1,-1203,-1.2024968205882353e6,1.357229078631788,14.782352941175786,68,ZB23.R05
p1,-1204,-1.2035015029411765e6,1.1689455376344693,14.676470588235293,68,ZB23.R05
p1,-1205,-1.2044945151515154e6,1.2426856749008077,14.993939393940805,66,ZB23.R05
p2,-1201,-1.200497957894737e6,1.0684243399747468,13.042105263160346,76,ZB23.R05
p2,-1202,-1.20150045974026e6,0.6197158175371871,13.127272727270308,77,ZB23.R05
p2,-1203,-1.2025020236842101e6,0.9922372444209148,13.078947368421053,76,ZB23.R05
p2,-1204,-1.203497452631579e6,0.6430554044359024,13.12631578947491,76,ZB23.R05
p2,-1205,-1.204491002631579e6,1.178166334446649,13.036842105263771,76,ZB23.R05
E,-1201,-1.2006166e6,0.1376909876868903,398.79999999993015,2,ZB23.R06
E,-1202,-1.2014121e6,0.10800914146097407,396.20000000006985,2,ZB23.R06
E,-1203,-1.2023781333333335e6,0.0445367269236125,365.06666666665114,3,ZB23.R06
E,-1204,-1.2034155333333334e6,0.039007053378602476,358.799999999969,3,ZB23.R06
E,-1205,-1.2043688e6,0.07628044539153125,389.5999999999767,2,ZB23.R06
e,-1201,-1.20053056e6,1.6311904346217232,96.23999999999069,10,ZB23.R06
e,-1202,-1.20148782e6,1.5194377091394793,95.88000000000466,10,ZB23.R06
e,-1203,-1.2024798363636362e6,1.4474645610291519,95.16363636364059,11,ZB23.R06
e,-1204,-1.2034938600000003e6,1.4883908644243775,95.48000000000465,10,ZB23.R06
e,-1205,-1.20443844e6,1.3767335510327046,94.31999999999535,10,ZB23.R06
o1,-1201,-1.2005087238095237e6,0.30879684192749074,23.428571428571427,42,ZB23.R06
o1,-1202,-1.2015027116279071e6,0.31530700744664,23.37674418604543,43,ZB23.R06
o1,-1203,-1.2025079906976742e6,0.3161736459143265,23.3674418604662,43,ZB23.R06
o1,-1204,-1.2035009523809527e6,0.3222244467561989,23.37142857143079,42,ZB23.R06
o1,-1205,-1.2044936e6,0.28717453618901034,23.293023255810706,43,ZB23.R06
o12,-1201,-1.2005064958333333e6,1.6584479225679472,20.52499999999903,48,ZB23.R06
o12,-1202,-1.2015030326530612e6,1.6388213922875556,20.53061224489796,49,ZB23.R06
o12,-1203,-1.2024986624999999e6,1.495112663916536,20.541666666666668,48,ZB23.R06
o12,-1204,-1.2034946081632655e6,1.507554297749656,20.546938775511155,49,ZB23.R06
o12,-1205,-1.2044897166666666e6,1.6100553652510643,20.54999999999806,48,ZB23.R06
o2,-1201,-1.2005065333333334e6,1.682725779739522,20.516666666667636,48,ZB23.R06
o2,-1202,-1.2015030326530617e6,1.6674265007907103,20.53061224489796,49,ZB23.R06
o2,-1203,-1.2024987083333335e6,1.516627251689502,20.55000000000291,48,ZB23.R06
o2,-1204,-1.203494624489796e6,1.5229684599421756,20.5469387755064,49,ZB23.R06
o2,-1205,-1.2044896416666664e6,1.6137707220954904,20.5,48,ZB23.R06
o3,-1201,-1.2005079068965516e6,0.27680496961993317,17.08275862069046,58,ZB23.R06
o3,-1202,-1.201498489655172e6,0.2701477030198065,17.07586206896391,58,ZB23.R06
o3,-1203,-1.2024973627118645e6,0.2761431390014397,17.071186440677177,59,ZB23.R06
o3,-1204,-1.2035046711864404e6,0.2888749415062776,17.071186440677177,59,ZB23.R06
o3,-1205,-1.2045028551724139e6,0.29082211508760747,17.062068965518847,58,ZB23.R06
p,-1201,-1.2005084149253736e6,1.459706895150204,14.80000000000139,67,ZB23.R06
p,-1202,-1.2014965764705886e6,1.4453296603632726,14.788235294115593,68,ZB23.R06
p,-1203,-1.2025049181818182e6,1.4386525225587028,15.096969696971813,66,ZB23.R06
p,-1204,-1.2034872764705885e6,1.4568007134411989,14.588235294117647,68,ZB23.R06
p,-1205,-1.2044921363636367e6,1.3736954056233845,15.048484848484144,66,ZB23.R06
p1,-1201,-1.2005014212121204e6,1.5159665966275493,15.024242424240308,66,ZB23.R06
p1,-1202,-1.2015031850746265e6,1.5333098575874284,15.050746268658802,67,ZB23.R06
p1,-1203,-1.2025048727272723e6,1.5296268256339658,15.054545454543337,66,ZB23.R06
p1,-1204,-1.2034986515151516e6,1.4964785165676064,15.06060606060606,66,ZB23.R06
p1,-1205,-1.2044921999999997e6,1.431054555788581,15.042424242424948,66,ZB23.R06
p2,-1201,-1.2005051315789474e6,0.6419950006808567,13.042105263157282,76,ZB23.R06
p2,-1202,-1.2015011298701316e6,0.5869582435393035,13.002597402596798,77,ZB23.R06
p2,-1203,-1.2025013298701295e6,0.5779168566594047,12.997402597403202,77,ZB23.R06
p2,-1204,-1.203504501298701e6,0.6109069958669828,13.002597402596798,77,ZB23.R06
p2,-1205,-1.2044978552631584e6,0.5197970009483869,12.994736842106489,76,ZB23.R06
E,-1201,-1.2007361e6,0.708569520154926,399.4000000000233,2,ZB23.R07
E,-1202,-1.2015347000000002e6,0.8804892188894469,399.0,2,ZB23.R07
E,-1203,-1.2025315333333334e6,0.9483496989247694,398.53333333328675,3,ZB23.R07
E,-1204,-1.2035277e6,0.8880082362348314,398.5999999999767,2,ZB23.R07
E,-1205,-1.2043257e6,0.7115717877154826,399.4000000000233,2,ZB23.R07
e,-1201,-1.2005051333333333e6,1.1862099397347141,100.04444444443409,9,ZB23.R07
e,-1202,-1.2014592e6,1.7919170516525385,99.68000000000465,10,ZB23.R07
e,-1203,-1.2024977454545454e6,1.4592968196538172,99.34545454545878,11,ZB23.R07
e,-1204,-1.2035126888888888e6,1.3672809200498786,102.17777777776226,9,ZB23.R07
e,-1205,-1.2044451e6,1.6056776970385205,97.8,10,ZB23.R07
o1,-1201,-1.200511442857143e6,0.3173767253863977,23.38095238095238,42,ZB23.R07
o1,-1202,-1.2015052279069766e6,0.31159668841037047,23.3674418604662,43,ZB23.R07
o1,-1203,-1.2024988142857144e6,0.2916380751403729,23.38095238095238,42,ZB23.R07
o1,-1204,-1.203492204651163e6,0.2888780080092786,23.367441860460783,43,ZB23.R07
o1,-1205,-1.2044968186046511e6,0.3133301758777579,23.348837209302324,43,ZB23.R07
o12,-1201,-1.2004977666666664e6,1.3730926327162776,20.683333333334303,48,ZB23.R07
o12,-1202,-1.2014986612244898e6,1.7170892997860105,20.6367346938766,49,ZB23.R07
o12,-1203,-1.2024998833333335e6,1.3866477671126811,20.60000000000097,48,ZB23.R07
o12,-1204,-1.2035000571428572e6,1.5936068753534385,20.58775510204177,49,ZB23.R07
o12,-1205,-1.2044992083333333e6,1.7720983409490845,20.633333333331393,48,ZB23.R07
o2,-1201,-1.2004978041666667e6,1.3425284445512045,20.641666666662786,48,ZB23.R07
o2,-1202,-1.201498669387755e6,1.7249698694387878,20.63673469388135,49,ZB23.R07
o2,-1203,-1.202499825e6,1.4107061609194462,20.633333333331393,48,ZB23.R07
o2,-1204,-1.2035000653061229e6,1.6158295936722684,20.571428571428573,49,ZB23.R07
o2,-1205,-1.2044992083333335e6,1.7646000707345253,20.583333333333332,48,ZB23.R07
o3,-1201,-1.2005016245614036e6,0.23031186965660236,17.410526315791923,57,ZB23.R07
o3,-1202,-1.2014951684210529e6,0.218779515068804,17.466666666664217,57,ZB23.R07
o3,-1203,-1.2024984275862074e6,0.24770806079389687,17.406896551725744,58,ZB23.R07
o3,-1204,-1.2035009859649122e6,0.24285484034435617,17.43859649122807,57,ZB23.R07
o3,-1205,-1.2044950421052633e6,0.23925879501398803,17.39649122807181,57,ZB23.R07
p,-1201,-1.200500214285714e6,1.2398807929412672,14.120000000001996,70,ZB23.R07
p,-1202,-1.2014973424657525e6,1.6325530449307672,13.643835616438356,73,ZB23.R07
p,-1203,-1.2024879205479452e6,1.307486155493717,13.901369863014336,73,ZB23.R07
p,-1204,-1.2035088314285711e6,1.3841172279237914,14.119999999998669,70,ZB23.R07
p,-1205,-1.2044915555555557e6,1.4021134894558152,13.811111111109817,72,ZB23.R07
p1,-1201,-1.2005045727272728e6,1.09157984082826,15.096969696968285,66,ZB23.R07
p1,-1202,-1.2014968e6,1.307742776028143,14.805970149253731,67,ZB23.R07
p1,-1203,-1.2025005820895522e6,1.1323733358224215,15.0865671641798,67,ZB23.R07
p1,-1204,-1.203502296969697e6,1.2646898450602675,15.030303030303031,66,ZB23.R07
p1,-1205,-1.204495779104478e6,1.1182480144324587,14.829850746270047,67,ZB23.R07
p2,-1201,-1.200504530666667e6,0.7324066752704788,13.125333333332092,75,ZB23.R07
p2,-1202,-1.2015005246753253e6,1.319087988009524,13.080519480518875,77,ZB23.R07
p2,-1203,-1.2025001973684211e6,0.9720948446696296,13.08947368421114,76,ZB23.R07
p2,-1204,-1.2034970263157897e6,0.8445388295370485,13.105263157894736,76,ZB23.R07
p2,-1205,-1.204489047368421e6,1.104288893727248,13.063157894737454,76,ZB23.R07
E,-1201,-1.2004238e6,0.5443279688338952,404.0,2,ZB23.R08
E,-1202,-1.201437e6,0.7745037265986108,406.26666666668217,3,ZB23.R08
E,-1203,-1.2024533e6,0.9348617458539217,406.19999999995343,2,ZB23.R08
E,-1204,-1.2034648666666667e6,0.9711063912380191,403.3333333333333,3,ZB23.R08
E,-1205,-1.2044707e6,0.7527354282490295,401.4000000000233,2,ZB23.R08
e,-1201,-1.20053194e6,1.2926178499588181,97.8,10,ZB23.R08
e,-1202,-1.2015382600000002e6,1.7525885822310296,99.08000000000466,10,ZB23.R08
e,-1203,-1.2025076e6,1.7856934990490807,97.11999999999534,10,ZB23.R08
e,-1204,-1.2035080727272725e6,1.0076957556422501,93.16363636364059,11,ZB23.R08
e,-1205,-1.2044677555555557e6,1.4500407575264305,102.0,9,ZB23.R08
o1,-1201,-1.2005048372093022e6,0.27588194000868166,23.293023255810706,43,ZB23.R08
o1,-1202,-1.201509381395349e6,0.2950015305831702,23.35813953488697,43,ZB23.R08
o1,-1203,-1.2025021e6,0.2984302628349741,23.361904761903652,42,ZB23.R08
o1,-1204,-1.203494558139535e6,0.2913027800164153,23.348837209302324,43,ZB23.R08
o1,-1205,-1.2044874714285715e6,0.2776452562055426,23.419047619044292,42,ZB23.R08
o12,-1201,-1.2005099583333333e6,1.071234452487387,20.683333333329454,48,ZB23.R08
o12,-1202,-1.2014973625e6,1.9811854753372764,20.625,48,ZB23.R08
o12,-1203,-1.2025012857142854e6,1.6799596637213643,20.693877551020407,49,ZB23.R08
o12,-1204,-1.2034997250000003e6,1.7148913317886942,20.533333333335275,48,ZB23.R08
o12,-1205,-1.204490929166667e6,1.176218925918822,20.591666666664725,48,ZB23.R08
o2,-1201,-1.2005098958333333e6,1.0597123855222017,20.641666666667636,48,ZB23.R08
o2,-1202,-1.2014973166666667e6,2.0054648155471293,20.633333333331393,48,ZB23.R08
o2,-1203,-1.2025012816326527e6,1.6789850319149802,20.685714285716188,49,ZB23.R08
o2,-1204,-1.2034996583333334e6,1.7647898573615743,20.483333333332364,48,ZB23.R08
o2,-1205,-1.2044906583333332e6,1.2017664061212692,20.633333333336243,48,ZB23.R08
o3,-1201,-1.2005046137931035e6,0.12492289309911563,17.324137931035285,58,ZB23.R08
o3,-1202,-1.2014996210526316e6,0.1389230110992772,17.31929824561322,57,ZB23.R08
o3,-1203,-1.2024946034482762e6,0.16944319753514117,17.303448275863676,58,ZB23.R08
o3,-1204,-1.2034982310344828e6,0.1717287439438223,17.275862068965516,58,ZB23.R08
o3,-1205,-1.204501e6,0.14073581796691706,17.255172413793908,58,ZB23.R08
p,-1201,-1.2005025199999998e6,1.2776059300799523,14.057142857142857,70,ZB23.R08
p,-1202,-1.2015064666666666e6,1.5266105158749246,13.391999999998758,75,ZB23.R08
p,-1203,-1.2024896575342473e6,1.576123498392811,13.747945205480727,73,ZB23.R08
p,-1204,-1.2034956873239437e6,1.1754607584599754,14.045070422534556,71,ZB23.R08
p,-1205,-1.2044932782608692e6,1.424529353948603,14.289855072463768,69,ZB23.R08
p1,-1201,-1.200502680597015e6,1.0865836668350313,14.794029850745574,67,ZB23.R08
p1,-1202,-1.2015064358208952e6,1.1001201484754444,14.877611940299202,67,ZB23.R08
p1,-1203,-1.2025042441176472e6,1.2382331930770896,14.794117647058824,68,ZB23.R08
p1,-1204,-1.203502704477612e6,1.1028323168870418,14.865671641791044,67,ZB23.R08
p1,-1205,-1.2044931044776118e6,1.2034013793161373,14.770149253729258,67,ZB23.R08
p2,-1201,-1.2004973342105267e6,0.8554568587947147,13.078947368421053,76,ZB23.R08
p2,-1202,-1.2014996935064925e6,1.4113363101796959,13.070129870131684,77,ZB23.R08
p2,-1203,-1.2025028857142855e6,1.2952359669232836,13.012987012987013,77,ZB23.R08
p2,-1204,-1.2035040649350649e6,0.6685468028108776,12.971428571426152,77,ZB23.R08
p2,-1205,-1.2044994078947366e6,0.9040565166365336,13.08947368421114,76,ZB23.R08
E,-1201,-1.2007395e6,0.641676627403059,397.80000000004657,2,ZB23.R09
E,-1202,-1.2015375e6,0.737618045945091,400.19999999995343,2,ZB23.R09
E,-1203,-1.2025409333333333e6,0.805944695026945,401.8666666666977,3,ZB23.R09
E,-1204,-1.2035438e6,0.8931382221741986,400.0,2,ZB23.R09
E,-1205,-1.2043424e6,0.8445768229890876,398.79999999993015,2,ZB23.R09
e,-1201,-1.2005163777777776e6,1.3154012931319496,99.42222222222739,9,ZB23.R09
e,-1202,-1.20147636e6,1.73861655767233,98.87999999998138,10,ZB23.R09
e,-1203,-1.2024663000000003e6,1.259721868157148,101.24000000001396,10,ZB23.R09
e,-1204,-1.2034726800000002e6,1.9076495732526393,99.11999999999534,10,ZB23.R09
e,-1205,-1.2044636e6,0.976240516985213,102.0,10,ZB23.R09
o1,-1201,-1.200506688372093e6,0.32651063722701856,23.404651162788532,43,ZB23.R09
o1,-1202,-1.2015015999999999e6,0.32136533338182466,23.4095238095227,42,ZB23.R09
o1,-1203,-1.2024957162790697e6,0.307238249236365,23.37674418604543,43,ZB23.R09
o1,-1204,-1.2035012279069766e6,0.2947996444168951,23.386046511630074,43,ZB23.R09
o1,-1205,-1.2044951333333338e6,0.30403567665029047,23.4095238095227,42,ZB23.R09
o12,-1201,-1.200502129166667e6,1.5684101704481652,20.608333333337214,48,ZB23.R09
o12,-1202,-1.2015001020408166e6,1.67225583155218,20.595918367345988,49,ZB23.R09
o12,-1203,-1.2024983625000003e6,1.5350980381624726,20.591666666664725,48,ZB23.R09
o12,-1204,-1.2034962530612247e6,1.6389903819957912,20.571428571428573,49,ZB23.R09
o12,-1205,-1.2044936916666664e6,1.5741794270596774,20.533333333335275,48,ZB23.R09
o2,-1201,-1.2005021083333334e6,1.5586984200292724,20.583333333333332,48,ZB23.R09
o2,-1202,-1.2015001265306124e6,1.678989799555928,20.595918367345988,49,ZB23.R09
o2,-1203,-1.2024983833333333e6,1.5403459211855954,20.583333333333332,48,ZB23.R09
o2,-1204,-1.2034962857142857e6,1.655899888273978,20.571428571428573,49,ZB23.R09
o2,-1205,-1.2044936624999999e6,1.594352506187172,20.52499999999903,48,ZB23.R09
o3,-1201,-1.2004989689655178e6,0.22682005315151435,17.06896551724138,58,ZB23.R09
o3,-1202,-1.201497857627118e6,0.26971814961184,17.084745762711865,59,ZB23.R09
o3,-1203,-1.202497579310345e6,0.30211216567291693,17.089655172417004,58,ZB23.R09
o3,-1204,-1.2034968983050855e6,0.26141248022648494,17.077966101692546,59,ZB23.R09
o3,-1205,-1.2044945620689655e6,0.1893658273406839,16.98620689655092,58,ZB23.R09
p,-1201,-1.2004992857142857e6,1.217726769313402,14.228571428571428,70,ZB23.R09
p,-1202,-1.2015147746478878e6,1.5086344994208367,13.954929577465444,71,ZB23.R09
p,-1203,-1.2024958617647057e6,1.2585965281080107,14.664705882352257,68,ZB23.R09
p,-1204,-1.2035039685714282e6,1.546348631830527,14.371428571428572,70,ZB23.R09
p,-1205,-1.2045009147058823e6,1.3821249002923244,14.641176470589604,68,ZB23.R09
p1,-1201,-1.2005072545454549e6,1.1974765587358243,15.103030303031009,66,ZB23.R09
p1,-1202,-1.2015020757575766e6,1.4200618562860787,15.048484848484144,66,ZB23.R09
p1,-1203,-1.2024966060606055e6,1.3159078399670454,15.090909090909092,66,ZB23.R09
p1,-1204,-1.2034986059701492e6,1.4784039555794346,15.014925373134329,67,ZB23.R09
p1,-1205,-1.2045000818181818e6,1.4179340535611011,15.06060606060606,66,ZB23.R09
p2,-1201,-1.200502089473684e6,0.6661487323294748,13.115789473684822,76,ZB23.R09
p2,-1202,-1.2014986210526316e6,0.9849618400179018,13.063157894737454,76,ZB23.R09
p2,-1203,-1.2024992415584412e6,0.5902139955669176,13.122077922076713,77,ZB23.R09
p2,-1204,-1.2035016710526312e6,0.9982600958269113,13.057894736843943,76,ZB23.R09
p2,-1205,-1.2044954236842105e6,0.4951665373260722,13.110526315788249,76,ZB23.R09
E,-1201,-1.2004682999999998e6,0.8707769661124742,407.80000000004657,2,ZB23.R10
E,-1202,-1.2014882e6,1.3448395539790097,408.1333333333023,3,ZB23.R10
E,-1203,-1.2025079e6,1.5645786496871286,407.4000000000233,2,ZB23.R10
E,-1204,-1.2035242e6,1.3889221205255176,405.73333333331783,3,ZB23.R10
E,-1205,-1.2045362999999998e6,0.8836955213316275,403.80000000004657,2,ZB23.R10
e,-1201,-1.20051994e6,1.4734838126940533,99.31999999999535,10,ZB23.R10
e,-1202,-1.2015204200000002e6,1.1161695076826645,97.0,10,ZB23.R10
e,-1203,-1.2025158e6,1.2459304358515904,103.36000000000931,10,ZB23.R10
e,-1204,-1.2035186800000002e6,0.9086154581891185,98.4,10,ZB23.R10
e,-1205,-1.20451136e6,1.594751653091064,98.07999999998137,10,ZB23.R10
o1,-1201,-1.2005030095238094e6,0.39500971111565375,23.428571428571427,42,ZB23.R10
o1,-1202,-1.2014976697674417e6,0.38752638718901167,23.3953488372093,43,ZB23.R10
o1,-1203,-1.202503534883721e6,0.3898787314496586,23.38604651162466,43,ZB23.R10
o1,-1204,-1.2035089534883723e6,0.38533071082560066,23.376744186050843,43,ZB23.R10
o1,-1205,-1.2045025428571429e6,0.39556462838903333,23.390476190473972,42,ZB23.R10
o12,-1201,-1.2005085000000002e6,1.4814735001513084,20.633333333331393,48,ZB23.R10
o12,-1202,-1.2014951083333336e6,1.4910407008653526,20.616666666668607,48,ZB23.R10
o12,-1203,-1.2024928204081634e6,1.5441365852191422,20.49795918367157,49,ZB23.R10
o12,-1204,-1.2035012163265306e6,1.5073160129008547,20.538775510206932,49,ZB23.R10
o12,-1205,-1.204497825e6,1.550399255585842,20.616666666663757,48,ZB23.R10
o2,-1201,-1.200508520833333e6,1.4879961996800615,20.625,48,ZB23.R10
o2,-1202,-1.2014950500000003e6,1.4932564311151204,20.60000000000097,48,ZB23.R10
o2,-1203,-1.2024927918367344e6,1.594721732900487,20.489795918367346,49,ZB23.R10
o2,-1204,-1.203501318367347e6,1.5438251261772904,20.5469387755064,49,ZB23.R10
o2,-1205,-1.2044977874999999e6,1.5554756713145148,20.608333333337214,48,ZB23.R10
o3,-1201,-1.2005074896551725e6,0.301277344083927,16.979310344824373,58,ZB23.R10
o3,-1202,-1.2015015627118645e6,0.2888301968318869,16.996610169492314,59,ZB23.R10
o3,-1203,-1.2025040372881354e6,0.27152610860699855,16.955932203392198,59,ZB23.R10
o3,-1204,-1.2035055661016945e6,0.2881994202529553,16.989830508473,59,ZB23.R10
o3,-1205,-1.204499124137931e6,0.3181303301031807,17.006896551722534,58,ZB23.R10
p,-1201,-1.200496231428571e6,1.4823676855440455,14.15428571428638,70,ZB23.R10
p,-1202,-1.2015063555555553e6,1.3792030925815846,14.066666666667313,72,ZB23.R10
p,-1203,-1.2025052782608692e6,1.4119000131587256,14.382608695650823,69,ZB23.R10
p,-1204,-1.2034984450704223e6,1.2793665029621653,14.061971830987883,71,ZB23.R10
p,-1205,-1.2044921485714286e6,1.5457289458609758,14.137142857140862,70,ZB23.R10
p1,-1201,-1.2005005880597017e6,1.2979640889707114,14.788059701493232,67,ZB23.R10
p1,-1202,-1.2014997507246376e6,1.2228001868648266,14.70144927536097,69,ZB23.R10
p1,-1203,-1.2025054e6,1.3812176389435078,14.788059701493232,67,ZB23.R10
p1,-1204,-1.2034976347826086e6,1.1693165666845418,14.469565217389954,69,ZB23.R10
p1,-1205,-1.2044942925373134e6,1.3254465670091253,14.78208955224089,67,ZB23.R10
p2,-1201,-1.2005008973684215e6,0.9582856749532231,13.057894736843943,76,ZB23.R10
p2,-1202,-1.2015030883116878e6,0.7928181768559441,13.096103896102687,77,ZB23.R10
p2,-1203,-1.2025041421052634e6,0.7318769725607867,13.105263157894736,76,ZB23.R10
p2,-1204,-1.2034991789473686e6,0.656057073083937,13.105263157894736,76,ZB23.R10
p2,-1205,-1.2044933210526311e6,1.0525909120133712,13.031578947367196,76,ZB23.R10
E,-1201,-1.2007622e6,0.7393065973540585,402.0,2,ZB23.R11
E,-1202,-1.2015675e6,1.00365819873099,403.4000000000233,2,ZB23.R11
E,-1203,-1.2025788666666667e6,1.0232112987324506,405.46666666671325,3,ZB23.R11
E,-1204,-1.2035944e6,0.7949098469896746,406.79999999993015,2,ZB23.R11
E,-1205,-1.2044071e6,0.5272150084732119,405.80000000004657,2,ZB23.R11
e,-1201,-1.2005371e6,1.3201490363553385,100.2,10,ZB23.R11
e,-1202,-1.20155898e6,1.4244548843133524,98.51999999999535,10,ZB23.R11
e,-1203,-1.20250396e6,0.9481452596775061,92.4,10,ZB23.R11
e,-1204,-1.2034985090909088e6,1.9065097988611037,95.92727272726849,11,ZB23.R11
e,-1205,-1.2044563777777776e6,1.8505675301455407,96.66666666666667,9,ZB23.R11
o1,-1201,-1.2005112428571428e6,0.3341019289958858,23.419047619049838,42,ZB23.R11
o1,-1202,-1.201506e6,0.3531058320049484,23.404651162788532,43,ZB23.R11
o1,-1203,-1.202500380952381e6,0.3396403600309797,23.390476190479518,42,ZB23.R11
o1,-1204,-1.2034943627906977e6,0.3545400158158064,23.38604651162466,43,ZB23.R11
o1,-1205,-1.2044879714285717e6,0.36330596316116637,23.390476190479518,42,ZB23.R11
o12,-1201,-1.2005140833333335e6,1.777665220645577,20.533333333335275,48,ZB23.R11
o12,-1202,-1.2015023632653062e6,0.721073934729156,20.2367346938747,49,ZB23.R11
o12,-1203,-1.2024955306122454e6,1.594386276536387,20.4000000000019,49,ZB23.R11
o12,-1204,-1.2035029306122449e6,1.6510052806072852,20.685714285716188,49,ZB23.R11
o12,-1205,-1.204496059574468e6,1.778672969834358,20.62978723403958,47,ZB23.R11
o2,-1201,-1.200503836734694e6,1.7818462678662919,20.522448979588987,49,ZB23.R11
o2,-1202,-1.2015022530612245e6,0.7430286608941945,20.244897959183675,49,ZB23.R11
o2,-1203,-1.20249567755102e6,1.6677278768930024,20.383673469388704,49,ZB23.R11
o2,-1204,-1.2035029306122449e6,1.6506184978885612,20.685714285716188,49,ZB23.R11
o2,-1205,-1.2045063416666666e6,1.7708905073313195,20.616666666663757,48,ZB23.R11
o3,-1201,-1.2004989830508472e6,0.15069213831141495,16.962711864403623,59,ZB23.R11
o3,-1202,-1.2015014101694908e6,0.17530021138465848,17.003389830511633,59,ZB23.R11
o3,-1203,-1.202504508474576e6,0.18471108489799773,17.003389830507686,59,ZB23.R11
o3,-1204,-1.203498848275862e6,0.18790331443391275,17.006896551722534,58,ZB23.R11
o3,-1205,-1.2044928813559322e6,0.1878738917819065,16.989830508476945,59,ZB23.R11
p,-1201,-1.200490161111111e6,1.3324215739382104,13.800000000001294,72,ZB23.R11
p,-1202,-1.2015079774647888e6,1.2539033454242936,13.960563380281034,71,ZB23.R11
p,-1203,-1.2024985887323946e6,1.1740518615887365,14.1802816901415,71,ZB23.R11
p,-1204,-1.20350401369863e6,1.5886974081704748,13.70410958903982,73,ZB23.R11
p,-1205,-1.204489394444445e6,1.5130290410562168,13.76666666666602,72,ZB23.R11
p1,-1201,-1.2005037545454542e6,1.0551130161456124,15.109090909090204,66,ZB23.R11
p1,-1202,-1.2014990181818183e6,1.1729770489977407,15.042424242424948,66,ZB23.R11
p1,-1203,-1.2024932696969695e6,1.135041720971397,15.121212121212121,66,ZB23.R11
p1,-1204,-1.2035001852941178e6,1.1989830024997326,14.805882352938438,68,ZB23.R11
p1,-1205,-1.2044967121212122e6,1.2156104976325375,15.024242424243836,66,ZB23.R11
p2,-1201,-1.200495052631579e6,0.9802464059463464,13.052631578947368,76,ZB23.R11
p2,-1202,-1.2015003194805193e6,0.8169755858868696,13.127272727270308,77,ZB23.R11
p2,-1203,-1.2025014233766233e6,0.6402705641223553,12.976623376625795,77,ZB23.R11
p2,-1204,-1.2035024649350645e6,1.422545081770779,13.012987012987013,77,ZB23.R11
p2,-1205,-1.2044979684210524e6,1.2501573783210207,13.02105263157711,76,ZB23.R11
E,-1201,-1.2005354e6,0.5972988357293192,402.4000000000233,2,ZB23.R12
E,-1202,-1.2015431333333335e6,0.89856587831369,403.60000000001554,3,ZB23.R12
E,-1203,-1.2025529e6,0.9566253361733175,404.19999999995343,2,ZB23.R12
E,-1204,-1.2035617333333334e6,0.7743098051409959,402.6666666666667,3,ZB23.R12
E,-1205,-1.2045653e6,0.46844709267238294,399.80000000004657,2,ZB23.R12
e,-1201,-1.20051398e6,1.4824564625740653,96.03999999999068,10,ZB23.R12
e,-1202,-1.2015178181818184e6,0.9771955287782745,92.94545454546724,11,ZB23.R12
e,-1203,-1.20251798e6,1.8378098025580556,97.88000000000466,10,ZB23.R12
e,-1204,-1.203524236363636e6,1.4419083538039903,94.4363636363467,11,ZB23.R12
e,-1205,-1.2045271e6,1.8648680560823585,96.12000000001862,10,ZB23.R12
o1,-1201,-1.2005134428571428e6,0.3980099983275159,23.400000000001107,42,ZB23.R12
o1,-1202,-1.2015084000000001e6,0.3806960039478007,23.404651162793947,43,ZB23.R12
o1,-1203,-1.2025032333333332e6,0.38626639746910124,23.399999999995565,42,ZB23.R12
o1,-1204,-1.2034974093023257e6,0.37952881149606743,23.3953488372093,43,ZB23.R12
o1,-1205,-1.2045023674418605e6,0.3404700435618113,23.22790697674527,43,ZB23.R12
o12,-1201,-1.2004991416666668e6,1.4737969281490202,20.69999999999709,48,ZB23.R12
o12,-1202,-1.2014957387755099e6,1.0330447352104966,20.293877551023257,49,ZB23.R12
o12,-1203,-1.202497004081633e6,1.8225259128195794,20.66938775509824,49,ZB23.R12
o12,-1204,-1.2035008416666666e6,1.3662883886241743,20.71666666666958,48,ZB23.R12
o12,-1205,-1.204494175e6,1.8467525418658888,20.716666666664725,48,ZB23.R12
o2,-1201,-1.200499183333333e6,1.4446645580913702,20.64999999999903,48,ZB23.R12
o2,-1202,-1.2014957795918367e6,1.079103701183968,20.3265306122449,49,ZB23.R12
o2,-1203,-1.2024969836734694e6,1.823821576810479,20.66122448979877,49,ZB23.R12
o2,-1204,-1.2035008333333333e6,1.3596296988246372,20.69999999999709,48,ZB23.R12
o2,-1205,-1.2044941500000001e6,1.811721158458474,20.683333333334303,48,ZB23.R12
o3,-1201,-1.2005058068965515e6,0.23962260948108738,17.296551724137128,58,ZB23.R12
o3,-1202,-1.2015024807017543e6,0.27460533464017717,17.340350877195434,57,ZB23.R12
o3,-1203,-1.202498879310345e6,0.24889621622587746,17.31724137930874,58,ZB23.R12
o3,-1204,-1.2035018379310346e6,0.20837296237848563,17.289655172414594,58,ZB23.R12
o3,-1205,-1.204495894736842e6,0.22470709623869956,17.263157894736842,57,ZB23.R12
p,-1201,-1.2005162444444448e6,1.3065515882452314,13.76666666666602,72,ZB23.R12
p,-1202,-1.2015010704225348e6,1.1704978472349545,14.09577464788798,71,ZB23.R12
p,-1203,-1.2025078301369867e6,1.5912459631864002,13.764383561641283,73,ZB23.R12
p,-1204,-1.2035035123287675e6,1.2400752008867406,13.698630136986301,73,ZB23.R12
p,-1205,-1.2045062849315072e6,1.5484357404110587,13.556164383562919,73,ZB23.R12
p1,-1201,-1.200504878787879e6,1.1385049233289373,15.030303030303031,66,ZB23.R12
p1,-1202,-1.2015063223880597e6,1.0600546751794504,14.9134328358202,67,ZB23.R12
p1,-1203,-1.2025063e6,1.2048960477905843,14.800000000002054,68,ZB23.R12
p1,-1204,-1.2035051910447762e6,1.0533022765127584,14.871641791043386,67,ZB23.R12
p1,-1205,-1.2044972567164178e6,1.120311437504007,14.811940298509548,67,ZB23.R12
p2,-1201,-1.200505992105263e6,0.9815832012238562,13.026315789473685,76,ZB23.R12
p2,-1202,-1.2015024155844145e6,0.7038639666836801,13.007792207790393,77,ZB23.R12
p2,-1203,-1.202504496103896e6,1.3457999245892036,13.033766233767443,77,ZB23.R12
p2,-1204,-1.2035006289473681e6,0.9957410345349351,13.005263157893511,76,ZB23.R12
p2,-1205,-1.2044961714285724e6,1.3819967237681423,13.018181818183633,77,ZB23.R12
E,-1201,-1.2007207e6,0.8627283358392268,404.19999999995343,2,ZB23.R13
E,-1202,-1.2015318e6,1.1079276581449573,406.80000000004657,2,ZB23.R13
E,-1203,-1.2025522000000002e6,1.1929206249388693,408.93333333334886,3,ZB23.R13
E,-1204,-1.2035729e6,1.134704383688121,407.0,2,ZB23.R13
E,-1205,-1.2043839e6,0.9263128983200956,404.19999999995343,2,ZB23.R13
e,-1201,-1.2004907600000002e6,1.432294053656825,97.28000000000466,10,ZB23.R13
e,-1202,-1.2014897999999998e6,1.3458909422537795,101.51999999999535,10,ZB23.R13
e,-1203,-1.20249718e6,1.6015966318305879,97.96000000000932,10,ZB23.R13
e,-1204,-1.2035121454545455e6,1.3975163646848865,96.29090909090486,11,ZB23.R13
e,-1205,-1.204463088888889e6,1.2317171469887467,96.57777777777261,9,ZB23.R13
o1,-1201,-1.2005083523809526e6,0.28788991126556585,23.37142857143079,42,ZB23.R13
o1,-1202,-1.2015035534883721e6,0.33300929353269587,23.423255813952405,43,ZB23.R13
o1,-1203,-1.2024989619047618e6,0.3349172997258524,23.4095238095227,42,ZB23.R13
o1,-1204,-1.2034935069767442e6,0.3387829581739567,23.404651162793947,43,ZB23.R13
o1,-1205,-1.2044883571428575e6,0.3127310732705493,23.43809523809302,42,ZB23.R13
o12,-1201,-1.2005067958333334e6,1.4811824044545363,20.658333333335275,48,ZB23.R13
o12,-1202,-1.2014961124999996e6,1.2132565693917454,20.641666666667636,48,ZB23.R13
o12,-1203,-1.2024950081632652e6,1.8001576172997935,20.644897959180824,49,ZB23.R13
o12,-1204,-1.2034981208333336e6,1.424315784012539,20.691666666670546,48,ZB23.R13
o12,-1205,-1.2044882374999998e6,1.8998444734659874,20.541666666666668,48,ZB23.R13
o2,-1201,-1.200506929166667e6,1.4598377987872817,20.608333333332364,48,ZB23.R13
o2,-1202,-1.2014961166666662e6,1.2187962603072189,20.64999999999903,48,ZB23.R13
o2,-1203,-1.2024949795918367e6,1.8044549310216322,20.6367346938766,49,ZB23.R13
o2,-1204,-1.2034981666666665e6,1.4269202329698834,20.683333333334303,48,ZB23.R13
o2,-1205,-1.2044882083333333e6,1.9328193588245604,20.533333333335275,48,ZB23.R13
o3,-1201,-1.2005029103448277e6,0.22702992834327265,17.296551724137128,58,ZB23.R13
o3,-1202,-1.2015047999999998e6,0.25605283147628344,17.268965517242986,58,ZB23.R13
o3,-1203,-1.2025070620689655e6,0.26712544742768357,17.26896551723897,58,ZB23.R13
o3,-1204,-1.2034996e6,0.23843173617490446,17.277192982456956,57,ZB23.R13
o3,-1205,-1.2044932137931034e6,0.3004036196394308,17.28275862068805,58,ZB23.R13
p,-1201,-1.2005009916666665e6,1.3300347306008744,13.849999999999353,72,ZB23.R13
p,-1202,-1.201494744927536e6,1.4774813539362346,14.394202898553424,69,ZB23.R13
p,-1203,-1.2025074575342466e6,1.4703911047145755,13.808219178082192,73,ZB23.R13
p,-1204,-1.2034920281690145e6,1.4144260558483173,14.050704225350145,71,ZB23.R13
p,-1205,-1.2044948695652173e6,1.3799936944624887,14.376811594202898,69,ZB23.R13
p1,-1201,-1.2005018e6,1.0384578715328672,14.90746268656786,67,ZB23.R13
p1,-1202,-1.201498032352941e6,1.3268435353569559,14.594117647060878,68,ZB23.R13
p1,-1203,-1.2024951884057971e6,1.1681820602928026,14.678260869562518,69,ZB23.R13
p1,-1204,-1.2035001462686567e6,1.2289594142122273,14.811940298509548,67,ZB23.R13
p1,-1205,-1.2044917462686568e6,1.2803376517543206,14.799999999997915,67,ZB23.R13
p2,-1201,-1.2005000421052636e6,0.9996699578273324,13.09473684210465,76,ZB23.R13
p2,-1202,-1.2014960105263158e6,0.8684545751472599,13.09473684210465,76,ZB23.R13
p2,-1203,-1.202499194805195e6,1.1303366942502728,13.080519480518875,77,ZB23.R13
p2,-1204,-1.2035034935064937e6,0.9804747428387535,13.023376623377228,77,ZB23.R13
p2,-1205,-1.2044986815789468e6,0.7415501163338486,13.015789473683597,76,ZB23.R13
E,-1201,-1.2006592e6,0.4881463998443438,402.80000000004657,2,ZB23.R14
E,-1202,-1.2014649e6,0.6048559106592111,403.0,2,ZB23.R14
E,-1203,-1.2024736e6,0.5793881958937893,404.0,3,ZB23.R14
E,-1204,-1.2034855e6,0.4413858320152905,405.80000000004657,2,ZB23.R14
E,-1205,-1.2042992000000002e6,0.2966392430920154,408.0,2,ZB23.R14
e,-1201,-1.20057346e6,1.9319322568648496,95.95999999998602,10,ZB23.R14
e,-1202,-1.2015120999999999e6,1.1331523947566864,93.16000000000932,10,ZB23.R14
e,-1203,-1.2024986727272728e6,1.8545196640977444,95.16363636364059,11,ZB23.R14
e,-1204,-1.2034942200000002e6,1.63189634681538,95.63999999999069,10,ZB23.R14
e,-1205,-1.20444874e6,1.9964136679054356,94.83999999999068,10,ZB23.R14
o1,-1201,-1.2004993952380952e6,0.36219805932392174,23.400000000001107,42,ZB23.R14
o1,-1202,-1.2014940418604652e6,0.35553596297066997,23.3953488372093,43,ZB23.R14
o1,-1203,-1.2025000325581396e6,0.39269983853611345,23.3953488372093,43,ZB23.R14
o1,-1204,-1.203505734883721e6,0.36541850862421793,23.37674418604543,43,ZB23.R14
o1,-1205,-1.2044989523809527e6,0.3962675258436155,23.333333333333332,42,ZB23.R14
o12,-1201,-1.2004979166666663e6,1.175311141076936,20.683333333334303,48,ZB23.R14
o12,-1202,-1.201496412244898e6,2.18493821360302,20.448979591836736,49,ZB23.R14
o12,-1203,-1.2025052408163266e6,1.1255249653844268,20.620408163268156,49,ZB23.R14
o12,-1204,-1.2035041714285717e6,1.3697512238243073,20.37551020407973,49,ZB23.R14
o12,-1205,-1.2044936425531919e6,1.670864080407336,20.76595744680851,47,ZB23.R14
o2,-1201,-1.2004980166666664e6,1.1692924057661174,20.683333333334303,48,ZB23.R14
o2,-1202,-1.2014964489795915e6,2.2726653814870383,20.440816326527763,49,ZB23.R14
o2,-1203,-1.2025052285714282e6,1.1285942599014747,20.644897959185574,49,ZB23.R14
o2,-1204,-1.2035041959183672e6,1.3983835823666835,20.342857142858094,49,ZB23.R14
o2,-1205,-1.20449354893617e6,1.6279268635145088,20.714893617018305,47,ZB23.R14
o3,-1201,-1.2005047689655174e6,0.21347229219548994,17.0551724137923,58,ZB23.R14
o3,-1202,-1.2015015050847454e6,0.21773774917585192,17.03050847457706,59,ZB23.R14
o3,-1203,-1.2024972034482756e6,0.2050905568798828,17.01379310344908,58,ZB23.R14
o3,-1204,-1.203492755932203e6,0.19741017526209392,17.010169491523055,59,ZB23.R14
o3,-1205,-1.204496223728814e6,0.18295731243530577,17.016949152542374,59,ZB23.R14
p,-1201,-1.2005040486486487e6,1.3852824771581058,13.308108108105591,74,ZB23.R14
p,-1202,-1.2015041536231886e6,1.1504091106173568,14.55652173913246,69,ZB23.R14
p,-1203,-1.2024980400000005e6,1.341991045861462,13.317333333333954,75,ZB23.R14
p,-1204,-1.203515879452055e6,1.299502553463193,13.753424657534246,73,ZB23.R14
p,-1205,-1.204496573684211e6,1.485164792385326,13.010526315787024,76,ZB23.R14
p1,-1201,-1.2004966060606055e6,1.06896304568601,15.054545454546865,66,ZB23.R14
p1,-1202,-1.2014985223880592e6,1.1477589180630612,15.050746268655326,67,ZB23.R14
p1,-1203,-1.2025007212121217e6,1.0671780055012512,15.078787878787173,66,ZB23.R14
p1,-1204,-1.2035025104477615e6,1.172502965405645,15.038805970150644,67,ZB23.R14
p1,-1205,-1.2045038515151504e6,1.005074972424614,15.048484848484144,66,ZB23.R14
p2,-1201,-1.200506865789472e6,1.305279715652415,13.015789473683597,76,ZB23.R14
p2,-1202,-1.2015004259740259e6,0.6317771207768778,12.96623376623558,77,ZB23.R14
p2,-1203,-1.202500454545455e6,1.2976257476756197,13.012987012987013,77,ZB23.R14
p2,-1204,-1.2035014337662328e6,0.9878195553980643,12.997402597400178,77,ZB23.R14
p2,-1205,-1.2044964868421056e6,1.5378775688220145,13.005263157896575,76,ZB23.R14
E,-1201,-1.2004418e6,0.7890168821672238,406.0,2,ZB23.R15
E,-1202,-1.2014594e6,1.0870671727712993,407.8666666666977,3,ZB23.R15
E,-1203,-1.2024803e6,1.1949758855624593,408.5999999999767,2,ZB23.R15
E,-1204,-1.2034992666666668e6,1.0899154432128328,406.53333333328675,3,ZB23.R15
E,-1205,-1.2045126e6,0.7625458149646467,404.0,2,ZB23.R15
e,-1201,-1.2005372e6,0.9681145130147261,94.8,10,ZB23.R15
e,-1202,-1.2014881e6,1.5463119852486957,93.31999999999535,10,ZB23.R15
e,-1203,-1.20246272e6,1.1824764086590274,104.32000000001862,10,ZB23.R15
e,-1204,-1.2035166727272728e6,1.57894513775207,94.50909090907821,11,ZB23.R15
e,-1205,-1.204471777777778e6,1.2123220915567394,95.82222222223774,9,ZB23.R15
o1,-1201,-1.200497638095238e6,0.2688565667448709,23.447619047620158,42,ZB23.R15
o1,-1202,-1.2014919255813954e6,0.3269643838495188,23.386046511630074,43,ZB23.R15
o1,-1203,-1.2024977023255813e6,0.2955590884603854,23.38604651162466,43,ZB23.R15
o1,-1204,-1.2035027534883723e6,0.31601400204434743,23.3674418604662,43,ZB23.R15
o1,-1205,-1.2044965190476193e6,0.2623842067062147,23.552380952379842,42,ZB23.R15
o12,-1201,-1.2005037102040816e6,1.7883084114159404,20.56326530612435,49,ZB23.R15
o12,-1202,-1.2015060291666666e6,1.2895322778547325,20.72500000000097,48,ZB23.R15
o12,-1203,-1.2025071755102042e6,1.8484657316139506,20.50612244897579,49,ZB23.R15
o12,-1204,-1.2035061125e6,1.2826366373004032,20.708333333333332,48,ZB23.R15
o12,-1205,-1.204499270833333e6,1.4663926075280462,20.641666666667636,48,ZB23.R15
o2,-1201,-1.2005037469387758e6,1.8156303656028123,20.522448979593737,49,ZB23.R15
o2,-1202,-1.2015060125e6,1.2883164346586216,20.758333333331393,48,ZB23.R15
o2,-1203,-1.2025071224489796e6,1.9149690846515455,20.49795918367157,49,ZB23.R15
o2,-1204,-1.20350615e6,1.2650578953125426,20.70000000000194,48,ZB23.R15
o2,-1205,-1.2044992875000003e6,1.4678764133917372,20.625,48,ZB23.R15
o3,-1201,-1.2005060793103448e6,0.2673339121338355,17.262068965516438,58,ZB23.R15
o3,-1202,-1.201499133333333e6,0.22569259016842894,17.29824561403509,57,ZB23.R15
o3,-1203,-1.2024927965517242e6,0.24866129226869138,17.234482758622296,58,ZB23.R15
o3,-1204,-1.2034950827586208e6,0.2839017318266042,17.296551724137128,58,ZB23.R15
o3,-1205,-1.2044898701754385e6,0.2439947468989361,17.326315789475316,57,ZB23.R15
p,-1201,-1.2005005826086958e6,1.2861700293129341,14.579710144927537,69,ZB23.R15
p,-1202,-1.201506309589041e6,1.5352971754204507,13.638356164384838,73,ZB23.R15
p,-1203,-1.202494573913043e6,1.337155368867333,14.38840579709875,69,ZB23.R15
p,-1204,-1.2034927835616444e6,1.4856133038711439,13.698630136986301,73,ZB23.R15
p,-1205,-1.204495847887324e6,1.3628805610176573,14.129577464791355,71,ZB23.R15
p1,-1201,-1.2005078735294116e6,1.2026691443983628,14.570588235294803,68,ZB23.R15
p1,-1202,-1.2015033764705884e6,1.1264967669537844,14.694117647058139,68,ZB23.R15
p1,-1203,-1.2025015850746264e6,1.3010772989365884,14.788059701493232,67,ZB23.R15
p1,-1204,-1.2035065275362323e6,1.124441571849545,14.678260869565893,69,ZB23.R15
p1,-1205,-1.2045022970588235e6,1.2280912140403077,14.570588235294803,68,ZB23.R15
p2,-1201,-1.2005004868421056e6,0.5864912504424367,13.005263157893511,76,ZB23.R15
p2,-1202,-1.2014959350649342e6,1.3045395310671215,13.023376623377228,77,ZB23.R15
p2,-1203,-1.202495397368421e6,0.6803193732540334,13.131578947368421,76,ZB23.R15
p2,-1204,-1.203496205194806e6,1.2635989423142426,13.023376623377228,77,ZB23.R15
p2,-1205,-1.2044979818181824e6,0.8091125116464498,13.002597402596798,77,ZB23.R15
E,-1201,-1.200463e6,0.8125014296030315,406.4000000000233,2,ZB23.R16
E,-1202,-1.2014816666666667e6,1.1482793152639506,408.39999999998446,3,ZB23.R16
E,-1203,-1.2025037999999998e6,1.2731541884113655,408.79999999993015,2,ZB23.R16
E,-1204,-1.2035218e6,1.1589932961950031,405.7333333333954,3,ZB23.R16
E,-1205,-1.2045325e6,0.7873218181875373,402.5999999999767,2,ZB23.R16
e,-1201,-1.20053994e6,1.3994646493291183,97.08000000000466,10,ZB23.R16
e,-1202,-1.2014917600000002e6,1.1310208125220327,91.83999999999068,10,ZB23.R16
e,-1203,-1.2024979090909092e6,1.5272095379929025,97.78181818182665,11,ZB23.R16
e,-1204,-1.20349782e6,1.3631631612542017,93.48000000000465,10,ZB23.R16
e,-1205,-1.2044438e6,1.266348646342745,95.83999999999068,10,ZB23.R16
o1,-1201,-1.200503372093023e6,0.2696777675536835,23.35813953488697,43,ZB23.R16
o1,-1202,-1.2015078976744188e6,0.29712959171054065,23.367441860460783,43,ZB23.R16
o1,-1203,-1.2025004333333336e6,0.31280929603363733,23.34285714286047,42,ZB23.R16
o1,-1204,-1.2034926558139531e6,0.29922312387260747,23.339534883717683,43,ZB23.R16
o1,-1205,-1.204495637209302e6,0.3029101829743817,23.25581395348837,43,ZB23.R16
o12,-1201,-1.2005115666666664e6,1.7059896246527562,20.60000000000097,48,ZB23.R16
o12,-1202,-1.2015011166666665e6,1.4642363186526854,20.64999999999903,48,ZB23.R16
o12,-1203,-1.2025014e6,1.5930244198987054,20.644897959185574,49,ZB23.R16
o12,-1204,-1.2035012958333332e6,1.7856282335166176,20.558333333334303,48,ZB23.R16
o12,-1205,-1.2044908041666665e6,1.3973507947675243,20.67499999999806,48,ZB23.R16
o2,-1201,-1.2005117041666664e6,1.70998279222505,20.57499999999709,48,ZB23.R16
o2,-1202,-1.2015010916666668e6,1.4700715255537629,20.64999999999903,48,ZB23.R16
o2,-1203,-1.202501395918367e6,1.586803107412891,20.63673469388135,49,ZB23.R16
o2,-1204,-1.203501325e6,1.8203750520883613,20.566666666665697,48,ZB23.R16
o2,-1205,-1.2044907416666665e6,1.365638838359993,20.633333333331393,48,ZB23.R16
o3,-1201,-1.2005086448275861e6,0.21702596533827612,17.262068965520452,58,ZB23.R16
o3,-1202,-1.2015004631578946e6,0.282931788270045,17.263157894736842,57,ZB23.R16
o3,-1203,-1.2024927379310345e6,0.30130425809410905,17.255172413789893,58,ZB23.R16
o3,-1204,-1.2034940034482758e6,0.2947068987501302,17.275862068965516,58,ZB23.R16
o3,-1205,-1.2044955379310346e6,0.33391406139934443,17.268965517242986,58,ZB23.R16
p,-1201,-1.200509557746479e6,1.3716175781269533,13.966197183099903,71,ZB23.R16
p,-1202,-1.2015111694444444e6,1.3427291010961009,13.883333333331393,72,ZB23.R16
p,-1203,-1.202499661111111e6,1.4522364360490498,13.911111111112405,72,ZB23.R16
p,-1204,-1.203496690140845e6,1.342368844565094,14.022535211265637,71,ZB23.R16
p,-1205,-1.2045026281690144e6,1.4551863682705486,13.887323943661972,71,ZB23.R16
p1,-1201,-1.2005025820895522e6,1.2354955637835212,14.776119402985074,67,ZB23.R16
p1,-1202,-1.2014996705882356e6,1.1788607103279465,14.682352941178525,68,ZB23.R16
p1,-1203,-1.2025010865671644e6,1.3263160256292648,14.99701492537383,67,ZB23.R16
p1,-1204,-1.2035081611940297e6,1.1496460229862036,14.889552238803885,67,ZB23.R16
p1,-1205,-1.2044988507462686e6,1.2513105368869877,14.764179104476916,67,ZB23.R16
p2,-1201,-1.2005041896103893e6,0.878084366078154,13.023376623377228,77,ZB23.R16
p2,-1202,-1.2015054415584418e6,0.861872742420969,12.992207792206584,77,ZB23.R16
p2,-1203,-1.2025007473684207e6,1.0072573303278323,13.0,76,ZB23.R16
p2,-1204,-1.2034946649350652e6,0.9533442707893657,13.007792207793416,77,ZB23.R16
p2,-1205,-1.20449454025974e6,0.9142637511512677,12.987012987012987,77,ZB23.R16
E,-1201,-1.200574e6,0.7796271195585397,404.39999999990687,2,ZB23.R17
E,-1202,-1.201584e6,1.101380250322737,403.7333333333954,3,ZB23.R17
E,-1203,-1.2025936e6,1.188590712989416,404.0,2,ZB23.R17
E,-1204,-1.2034012e6,1.1002234877920176,403.5999999999767,2,ZB23.R17
E,-1205,-1.2042084e6,0.8756940241184654,403.5999999999767,2,ZB23.R17
e,-1201,-1.20053636e6,1.77015789920577,97.44000000001397,10,ZB23.R17
e,-1202,-1.2015353800000001e6,0.8212795339620618,101.4,10,ZB23.R17
e,-1203,-1.2025408800000001e6,1.8375692392365686,99.03999999999068,10,ZB23.R17
e,-1204,-1.2035301e6,1.3113292669346501,99.64000000001397,10,ZB23.R17
e,-1205,-1.204479711111111e6,1.405826568168052,99.77777777777777,9,ZB23.R17
o1,-1201,-1.2004987333333332e6,0.33166731674628197,23.447619047614612,42,ZB23.R17
o1,-1202,-1.2014932790697673e6,0.33723817889376556,23.3953488372093,43,ZB23.R17
o1,-1203,-1.202498669767442e6,0.3379423359431411,23.3674418604662,43,ZB23.R17
o1,-1204,-1.2035038744186047e6,0.3333467510796106,23.37674418604543,43,ZB23.R17
o1,-1205,-1.2044972428571433e6,0.34103241527021994,23.400000000001107,42,ZB23.R17
o12,-1201,-1.2005021541666668e6,1.684123186859365,20.625,48,ZB23.R17
o12,-1202,-1.201500448979592e6,1.382746531958204,20.620408163268156,49,ZB23.R17
o12,-1203,-1.2025003208333335e6,1.5908907811573385,20.625,48,ZB23.R17
o12,-1204,-1.2034986816326536e6,1.6682126036096356,20.514285714284764,49,ZB23.R17
o12,-1205,-1.2044962833333334e6,1.4035198576363523,20.54999999999806,48,ZB23.R17
o2,-1201,-1.2005021666666667e6,1.6877620141140641,20.616666666668607,48,ZB23.R17
o2,-1202,-1.2015004040816324e6,1.3881180586996509,20.612244897959183,49,ZB23.R17
o2,-1203,-1.2025003624999998e6,1.5927165325268289,20.608333333332364,48,ZB23.R17
o2,-1204,-1.2034986734693877e6,1.7145620543311502,20.514285714284764,49,ZB23.R17
o2,-1205,-1.2044963583333334e6,1.426491777812436,20.55000000000291,48,ZB23.R17
o3,-1201,-1.200500568965517e6,0.2877373472995545,17.06896551724138,58,ZB23.R17
o3,-1202,-1.2015034965517242e6,0.2787426068509563,17.17241379310345,58,ZB23.R17
o3,-1203,-1.2025001050847461e6,0.2737509018919465,17.03728813559243,59,ZB23.R17
o3,-1204,-1.2035006172413796e6,0.31910163046784035,17.31724137930874,58,ZB23.R17
o3,-1205,-1.2044972631578944e6,0.2598692420681014,17.291228070177073,57,ZB23.R17
p,-1201,-1.2005026901408446e6,1.4869449690589787,13.932394366196528,71,ZB23.R17
p,-1202,-1.2014931710144924e6,1.2688889508700614,14.504347826087631,69,ZB23.R17
p,-1203,-1.2025023305555554e6,1.4800917596606533,13.938888888890183,72,ZB23.R17
p,-1204,-1.2034902485714282e6,1.397379604649105,14.257142857142858,70,ZB23.R17
p,-1205,-1.2045017464788733e6,1.3820803065310758,14.140845070422536,71,ZB23.R17
p1,-1201,-1.2005065352941176e6,1.3186318046942798,14.800000000002054,68,ZB23.R17
p1,-1202,-1.2015039909090905e6,1.241172289113058,15.109090909090204,66,ZB23.R17
p1,-1203,-1.2024987727272727e6,1.256515412723064,15.024242424243836,66,ZB23.R17
p1,-1204,-1.2034995432835822e6,1.2646284542497654,14.895522388059701,67,ZB23.R17
p1,-1205,-1.2044989588235295e6,1.2006612115155857,14.788235294115593,68,ZB23.R17
p2,-1201,-1.2005004473684204e6,1.0943586091658937,13.021052631580172,76,ZB23.R17
p2,-1202,-1.2014948605263156e6,0.4886150283071835,13.142105263155443,76,ZB23.R17
p2,-1203,-1.202497696103896e6,1.1752107446897493,13.054545454547874,77,ZB23.R17
p2,-1204,-1.2034972684210525e6,0.8248474800611522,13.105263157894736,76,ZB23.R17
p2,-1205,-1.2044920657894737e6,0.8761086322323329,13.078947368421053,76,ZB23.R17
E,-1201,-1.2006427000000002e6,0.34442889879496824,404.20000000006985,2,ZB23.R18
E,-1202,-1.2014508e6,0.42021479292435565,404.0,2,ZB23.R18
E,-1203,-1.2024617333333334e6,0.341379129479408,405.06666666665114,3,ZB23.R18
E,-1204,-1.2034802e6,0.17087021025269766,411.5999999999767,2,ZB23.R18
E,-1205,-1.2043215e6,0.06895904040121546,431.0,2,ZB23.R18
e,-1201,-1.2005061199999999e6,1.94523349630362,99.11999999999534,10,ZB23.R18
e,-1202,-1.2015121400000001e6,1.698192695608261,100.6,10,ZB23.R18
e,-1203,-1.20251198e6,1.8294896052698237,99.64000000001397,10,ZB23.R18
e,-1204,-1.2035118e6,1.8194556994249402,101.2,10,ZB23.R18
e,-1205,-1.204453333333333e6,1.9011917474936209,98.93333333332299,9,ZB23.R18
o1,-1201,-1.200504823809524e6,0.2684068741909516,23.285714285714285,42,ZB23.R18
o1,-1202,-1.2014991348837211e6,0.2851289135167847,23.404651162788532,43,ZB23.R18
o1,-1203,-1.2025056186046512e6,0.3076044727745918,23.404651162793947,43,ZB23.R18
o1,-1204,-1.2034999285714286e6,0.2912128824781307,23.38095238095238,42,ZB23.R18
o1,-1205,-1.2044937162790697e6,0.28815992218533987,23.3953488372093,43,ZB23.R18
o12,-1201,-1.200500154166667e6,1.755272531426769,20.708333333333332,48,ZB23.R18
o12,-1202,-1.2015001673469387e6,1.5262777265811633,20.62857142856763,49,ZB23.R18
o12,-1203,-1.2024995375e6,1.485227054078593,20.608333333337214,48,ZB23.R18
o12,-1204,-1.203498681632653e6,1.7088110032177315,20.563265306119597,49,ZB23.R18
o12,-1205,-1.204499054166667e6,1.5569803768823876,20.641666666667636,48,ZB23.R18
o2,-1201,-1.2005001791666667e6,1.7239887878495506,20.67500000000291,48,ZB23.R18
o2,-1202,-1.201500163265306e6,1.540824506515805,20.6367346938766,49,ZB23.R18
o2,-1203,-1.2024995208333333e6,1.4957981678157914,20.608333333332364,48,ZB23.R18
o2,-1204,-1.2034987020408162e6,1.745223423825544,20.555102040815378,49,ZB23.R18
o2,-1205,-1.2044990166666668e6,1.5564624862005738,20.616666666668607,48,ZB23.R18
o3,-1201,-1.2004957719298245e6,0.16675108248800558,17.41052631578784,57,ZB23.R18
o3,-1202,-1.2014989448275864e6,0.1891253189445264,17.420689655174822,58,ZB23.R18
o3,-1203,-1.2025021578947369e6,0.19900659901141504,17.396491228067724,57,ZB23.R18
o3,-1204,-1.2034965966101696e6,0.17945288926307426,16.989830508476945,59,ZB23.R18
o3,-1205,-1.2044950000000002e6,0.20146082175575913,17.103448275862068,58,ZB23.R18
p,-1201,-1.2004941546666669e6,1.513497598815589,13.25866666666853,75,ZB23.R18
p,-1202,-1.2015024027397262e6,1.412083872755073,13.813698630135711,73,ZB23.R18
p,-1203,-1.2025060108108101e6,1.2532911033869636,13.44864864864802,74,ZB23.R18
p,-1204,-1.20350598630137e6,1.24332179647774,13.638356164384838,73,ZB23.R18
p,-1205,-1.2044941289473686e6,1.3531724984120865,13.068421052630967,76,ZB23.R18
p1,-1201,-1.2004992757575752e6,1.1153583231932358,15.06060606060606,66,ZB23.R18
p1,-1202,-1.201501525373135e6,1.1659012097844688,15.050746268658802,67,ZB23.R18
p1,-1203,-1.202503896969698e6,1.0691142530541313,15.078787878787173,66,ZB23.R18
p1,-1204,-1.203498403030303e6,1.1002832006547587,15.06060606060606,66,ZB23.R18
p1,-1205,-1.2044926606060604e6,1.0244641190960377,15.054545454543337,66,ZB23.R18
p2,-1201,-1.2005001e6,1.3877862327408081,13.07368421052754,76,ZB23.R18
p2,-1202,-1.2015029272727272e6,1.133666829481522,13.096103896102687,77,ZB23.R18
p2,-1203,-1.2025049473684211e6,1.0963049459721053,13.09473684210465,76,ZB23.R18
p2,-1204,-1.2035001894736842e6,1.0551956794399089,13.115789473684822,76,ZB23.R18
p2,-1205,-1.2044940842105264e6,1.2772545899399224,13.063157894737454,76,ZB23.R18
E,-1201,-1.2007331e6,0.8267559168332574,407.79999999993015,2,ZB23.R19
E,-1202,-1.2015538e6,0.8794563955656542,413.5999999999767,2,ZB23.R19
E,-1203,-1.2023911e6,0.7720417909171037,423.80000000004657,2,ZB23.R19
E,-1204,-1.2034484000000001e6,0.7408176167858097,419.4666666666356,3,ZB23.R19
E,-1205,-1.2044856e6,0.6489539921675298,410.80000000004657,2,ZB23.R19
e,-1201,-1.20050558e6,1.6631136187830133,94.11999999999534,10,ZB23.R19
e,-1202,-1.2015021818181819e6,1.2603675751729724,94.69090909091756,11,ZB23.R19
e,-1203,-1.2024925599999998e6,1.9380085034994572,95.51999999999535,10,ZB23.R19
e,-1204,-1.2034874181818182e6,1.169909394583695,92.65454545454122,11,ZB23.R19
e,-1205,-1.2044764200000004e6,1.8083812837234046,96.36000000000931,10,ZB23.R19
o1,-1201,-1.2005055162790695e6,0.6361493074997847,23.42325581395782,43,ZB23.R19
o1,-1202,-1.2015014952380953e6,0.6442692686589782,23.428571428571427,42,ZB23.R19
o1,-1203,-1.2024971441860464e6,0.6402747295243493,23.423255813952405,43,ZB23.R19
o1,-1204,-1.2035044e6,0.6369529927124583,23.423255813952405,43,ZB23.R19
o1,-1205,-1.2044994095238093e6,0.6399489904948247,23.390476190473972,42,ZB23.R19
o12,-1201,-1.2005034125000003e6,1.3610471900936572,20.708333333333332,48,ZB23.R19
o12,-1202,-1.2014955166666666e6,1.202688977665618,20.683333333334303,48,ZB23.R19
o12,-1203,-1.2024970571428572e6,1.3738036178665134,20.612244897959183,49,ZB23.R19
o12,-1204,-1.203504497959184e6,1.4674145414148585,20.391836734692927,49,ZB23.R19
o12,-1205,-1.2044817574468085e6,0.9646869990225025,20.97872340425532,47,ZB23.R19
o2,-1201,-1.2005033583333332e6,1.3079310441053107,20.64999999999903,48,ZB23.R19
o2,-1202,-1.2014983591836737e6,1.2035254490265195,20.277551020410066,49,ZB23.R19
o2,-1203,-1.2024970408163266e6,1.3699799222709148,20.62857142856763,49,ZB23.R19
o2,-1204,-1.2035044367346938e6,1.4932978287276235,20.318367346940676,49,ZB23.R19
o2,-1205,-1.2044970204081633e6,0.8737363524749051,20.179591836735643,49,ZB23.R19
o3,-1201,-1.200496551724138e6,0.5432922500481076,17.048275862065754,58,ZB23.R19
o3,-1202,-1.201495627118644e6,0.6993467880017303,17.071186440681124,59,ZB23.R19
o3,-1203,-1.2024956448275861e6,0.7686913921900872,17.1103448275846,58,ZB23.R19
o3,-1204,-1.203494976271187e6,0.6518250391312779,17.05762711864249,59,ZB23.R19
o3,-1205,-1.2044935827586208e6,0.6732686727899493,17.06896551724138,58,ZB23.R19
p,-1201,-1.2005024929577464e6,1.4344841367203238,14.011267605634458,71,ZB23.R19
p,-1202,-1.2014990647058822e6,1.331606697653179,14.65882352941245,68,ZB23.R19
p,-1203,-1.202496830136986e6,1.4093841981207522,13.780821917808218,73,ZB23.R19
p,-1204,-1.2034946869565214e6,1.2175809386670264,14.486956521737106,69,ZB23.R19
p,-1205,-1.2045005710144918e6,1.4830806255342333,14.371014492754973,69,ZB23.R19
p1,-1201,-1.2005073878787877e6,1.2158703232457173,15.115151515152926,66,ZB23.R19
p1,-1202,-1.2015031848484848e6,1.3707896831693505,15.06060606060606,66,ZB23.R19
p1,-1203,-1.2024985090909088e6,1.3052900778056602,15.066666666665256,66,ZB23.R19
p1,-1204,-1.2035015373134331e6,1.22250930477197,15.110447761196115,67,ZB23.R19
p1,-1205,-1.2045040606060608e6,1.3458969959414906,15.042424242424948,66,ZB23.R19
p2,-1201,-1.20050705e6,1.0534022094618327,13.036842105263771,76,ZB23.R19
p2,-1202,-1.2015030285714292e6,0.6787367941541887,12.997402597403202,77,ZB23.R19
p2,-1203,-1.2025042987012984e6,1.1037806806518282,13.023376623377228,77,ZB23.R19
p2,-1204,-1.2035060285714278e6,0.6263571529971844,12.981818181816367,77,ZB23.R19
p2,-1205,-1.2045003447368422e6,1.0183663500364484,13.026315789473685,76,ZB23.R19
E,-1201,-1.2007972999999998e6,1.1054147247200856,403.0,2,ZB23.R20
E,-1202,-1.2016042e6,1.4093463715196202,404.0,2,ZB23.R20
E,-1203,-1.2024132e6,1.5035773521001716,404.80000000004657,2,ZB23.R20
E,-1204,-1.2034248666666665e6,1.3063666833028011,404.39999999998446,3,ZB23.R20
E,-1205,-1.2044344e6,0.8390531821898666,403.20000000006985,2,ZB23.R20
e,-1201,-1.20052292e6,0.815442060739813,91.76000000000931,10,ZB23.R20
e,-1202,-1.2015004000000001e6,1.4794145101758083,96.0,11,ZB23.R20
e,-1203,-1.2024958222222226e6,1.2649454288969677,104.88888888888889,9,ZB23.R20
e,-1204,-1.2034938545454545e6,1.2682014036381746,94.32727272726002,11,ZB23.R20
e,-1205,-1.2044972799999998e6,1.659955961635077,97.44000000001397,10,ZB23.R20
o1,-1201,-1.2005025095238094e6,0.4460133779718628,23.400000000001107,42,ZB23.R20
o1,-1202,-1.201497046511628e6,0.4651884639590065,23.3953488372093,43,ZB23.R20
o1,-1203,-1.2025029627906976e6,0.45344248331257564,23.3953488372093,43,ZB23.R20
o1,-1204,-1.2035085534883721e6,0.4650966747633944,23.37674418604543,43,ZB23.R20
o1,-1205,-1.204501923809524e6,0.43774449624383815,23.35238095238206,42,ZB23.R20
o12,-1201,-1.2005101666666665e6,1.533953002814008,20.566666666665697,48,ZB23.R20
o12,-1202,-1.2014958333333333e6,1.4388408560747719,20.64999999999903,48,ZB23.R20
o12,-1203,-1.2024968285714285e6,1.1767966063066133,20.62857142857238,49,ZB23.R20
o12,-1204,-1.203494491666666e6,1.6630766165994855,20.566666666665697,48,ZB23.R20
o12,-1205,-1.2044839749999999e6,1.4691786078504847,20.64999999999903,48,ZB23.R20
o2,-1201,-1.2005100916666668e6,1.5471258380793642,20.54999999999806,48,ZB23.R20
o2,-1202,-1.2014957875e6,1.4239134149335573,20.625,48,ZB23.R20
o2,-1203,-1.2024968163265307e6,1.1757584162507453,20.6367346938766,49,ZB23.R20
o2,-1204,-1.203494491666667e6,1.6974730169790007,20.583333333333332,48,ZB23.R20
o2,-1205,-1.204483908333333e6,1.440371950535262,20.60000000000097,48,ZB23.R20
o3,-1201,-1.2005114105263157e6,0.44621317545079225,17.34736842105345,57,ZB23.R20
o3,-1202,-1.2014988070175438e6,0.4514896819704314,17.34736842105345,57,ZB23.R20
o3,-1203,-1.2024960689655172e6,0.5101042630771385,17.32413793103127,58,ZB23.R20
o3,-1204,-1.2035014793103451e6,0.5130104694798171,17.344827586206897,58,ZB23.R20
o3,-1205,-1.204498557894737e6,0.47608205260543335,17.326315789475316,57,ZB23.R20
p,-1201,-1.2005009710144927e6,1.3343209593622305,14.533333333334008,69,ZB23.R20
p,-1202,-1.2015104000000004e6,1.4250267748376746,13.900000000000647,72,ZB23.R20
p,-1203,-1.2024961371428578e6,1.3701918275334712,14.137142857140862,70,ZB23.R20
p,-1204,-1.2034971521126758e6,1.3709178069102428,14.07887323943793,71,ZB23.R20
p,-1205,-1.2044941661971835e6,1.4788388851074963,14.135211267603665,71,ZB23.R20
p1,-1201,-1.2004981134328356e6,1.2606906803362965,14.853731343282886,67,ZB23.R20
p1,-1202,-1.2014996716417908e6,1.302566704974107,15.068656716415825,67,ZB23.R20
p1,-1203,-1.202502743283582e6,1.3397263497078649,14.811940298509548,67,ZB23.R20
p1,-1204,-1.203500823880597e6,1.2847105774685659,14.877611940299202,67,ZB23.R20
p1,-1205,-1.2044969373134328e6,1.3385371639878672,15.008955223878512,67,ZB23.R20
p2,-1201,-1.2005069402597412e6,0.5114896977222803,12.96623376623558,77,ZB23.R20
p2,-1202,-1.2014996578947373e6,0.9701653843713793,13.02105263157711,76,ZB23.R20
p2,-1203,-1.2024955142857144e6,0.7030114096971797,12.992207792209607,77,ZB23.R20
p2,-1204,-1.2034956233766212e6,0.8537057841010968,13.002597402596798,77,ZB23.R20
p2,-1205,-1.2044970233766243e6,0.9997985040653783,13.007792207793416,77,ZB23.R20
E,-1201,-1.2004098e6,0.5155802496316291,398.4000000000233,2,ZB23.R21
E,-1202,-1.2014121333333333e6,0.8613821421451862,402.93333333334886,3,ZB23.R21
E,-1203,-1.2024237000000002e6,1.0655062886686597,406.19999999995343,2,ZB23.R21
E,-1204,-1.2034401333333335e6,1.0452227281000324,406.6666666666667,3,ZB23.R21
E,-1205,-1.2044565e6,0.7592704292568636,406.5999999999767,2,ZB23.R21
e,-1201,-1.2005012e6,1.516942910945218,98.22222222222223,9,ZB23.R21
e,-1202,-1.20148142e6,1.2767702072556646,101.72000000001863,10,ZB23.R21
e,-1203,-1.20245948e6,1.7945751342838232,99.51999999999535,10,ZB23.R21
e,-1204,-1.2034642400000002e6,1.2631368300692822,97.6,10,ZB23.R21
e,-1205,-1.2044707e6,1.4993198113670985,102.11999999999534,10,ZB23.R21
o1,-1201,-1.2005080952380951e6,0.3684068569066429,23.4095238095227,42,ZB23.R21
o1,-1202,-1.2015015906976745e6,0.3861086209485806,23.3674418604662,43,ZB23.R21
o1,-1203,-1.2025060372093024e6,0.3927022256206113,23.348837209302324,43,ZB23.R21
o1,-1204,-1.2034985333333334e6,0.39743066736355875,23.35238095238206,42,ZB23.R21
o1,-1205,-1.2044907209302327e6,0.3484825073978064,23.358139534881555,43,ZB23.R21
o12,-1201,-1.2005095791666668e6,1.694852405229433,20.52499999999903,48,ZB23.R21
o12,-1202,-1.2015021541666663e6,1.3252881304220383,20.72500000000097,48,ZB23.R21
o12,-1203,-1.202501473469388e6,1.78208184417163,20.579591836732792,49,ZB23.R21
o12,-1204,-1.2034955744680848e6,0.9490418318703733,21.02127659574468,47,ZB23.R21
o12,-1205,-1.2044933714285714e6,1.6812615157813706,20.538775510202182,49,ZB23.R21
o2,-1201,-1.2005096166666667e6,1.715263561628311,20.516666666667636,48,ZB23.R21
o2,-1202,-1.2014936938775512e6,1.3008293116625436,20.285714285714285,49,ZB23.R21
o2,-1203,-1.2025015346938777e6,1.8044547882010276,20.571428571428573,49,ZB23.R21
o2,-1204,-1.2034972666666666e6,0.9394768537900461,20.616666666668607,48,ZB23.R21
o2,-1205,-1.2044932816326534e6,1.701223647690488,20.489795918367346,49,ZB23.R21
o3,-1201,-1.2005051728813557e6,0.3418438702441833,17.071186440681124,59,ZB23.R21
o3,-1202,-1.2015010689655172e6,0.3160952813945443,17.020689655171612,58,ZB23.R21
o3,-1203,-1.202496250847458e6,0.31148892567204145,17.016949152542374,59,ZB23.R21
o3,-1204,-1.2034998610169492e6,0.3202905194422256,17.023728813557742,59,ZB23.R21
o3,-1205,-1.204494793103448e6,0.301931682028299,17.020689655171612,58,ZB23.R21
p,-1201,-1.200483519444445e6,1.4261913290385426,13.805555555555555,72,ZB23.R21
p,-1202,-1.2015134694444446e6,1.2752071512560856,14.027777777777779,72,ZB23.R21
p,-1203,-1.2024890805555554e6,1.4339966474466186,13.772222222220282,72,ZB23.R21
p,-1204,-1.2035000788732395e6,1.2962252909721277,14.061971830987883,71,ZB23.R21
p,-1205,-1.2045094805555558e6,1.457081334074441,13.938888888886948,72,ZB23.R21
p1,-1201,-1.2005010999999996e6,1.1670433305582788,15.036363636362225,66,ZB23.R21
p1,-1202,-1.2015030477611944e6,1.15474119292904,15.0865671641798,67,ZB23.R21
p1,-1203,-1.2025037696969695e6,1.2100919983098477,15.018181818181112,66,ZB23.R21
p1,-1204,-1.2035029253731342e6,1.2130922683371956,14.877611940299202,67,ZB23.R21
p1,-1205,-1.2044905242424242e6,1.2896217704070732,15.0,66,ZB23.R21
p2,-1201,-1.2005079657894734e6,1.0097202883929997,13.057894736843943,76,ZB23.R21
p2,-1202,-1.2015066421052634e6,0.8267925230197036,13.136842105261932,76,ZB23.R21
p2,-1203,-1.2024980157894741e6,1.160536893436865,13.063157894737454,76,ZB23.R21
p2,-1204,-1.2034997402597396e6,0.7934024827499632,13.07012987012866,77,ZB23.R21
p2,-1205,-1.2045011368421058e6,0.9845737831935967,13.084210526317628,76,ZB23.R21
E,-1201,-1.2006373e6,0.8743472713367686,400.5999999999767,2,ZB23.R22
E,-1202,-1.2014395e6,1.1084713332185907,401.80000000004657,2,ZB23.R22
E,-1203,-1.2024479333333333e6,1.1704430241104664,404.6666666666667,3,ZB23.R22
E,-1204,-1.2034621e6,1.0450548848624943,406.5999999999767,2,ZB23.R22
E,-1205,-1.2042756e6,0.8090284296144687,406.79999999993015,2,ZB23.R22
e,-1201,-1.20055368e6,0.8934497049752803,94.07999999998137,10,ZB23.R22
e,-1202,-1.2015042399999998e6,1.4014777607984137,97.6,10,ZB23.R22
e,-1203,-1.2024923272727274e6,1.193363180008333,93.0909090909091,11,ZB23.R22
e,-1204,-1.2034948800000001e6,1.8392556947655752,97.12000000001862,10,ZB23.R22
e,-1205,-1.2044460399999998e6,1.4421241408464172,93.67999999998138,10,ZB23.R22
o1,-1201,-1.200503934883721e6,0.41556625897438426,23.3674418604662,43,ZB23.R22
o1,-1202,-1.2014987714285715e6,0.45090388755116023,23.4095238095227,42,ZB23.R22
o1,-1203,-1.2024935441860466e6,0.4460063927283946,23.404651162793947,43,ZB23.R22
o1,-1204,-1.2034995813953485e6,0.4596099430182905,23.38604651162466,43,ZB23.R22
o1,-1205,-1.204493685714286e6,0.4448275940311566,23.409523809528245,42,ZB23.R22
o12,-1201,-1.200513314285714e6,1.2982456830274542,20.342857142858094,49,ZB23.R22
o12,-1202,-1.2015064571428571e6,0.7170463065857869,20.244897959183675,49,ZB23.R22
o12,-1203,-1.2025012244897955e6,1.8084837647463168,20.457142857140955,49,ZB23.R22
o12,-1204,-1.2035010375e6,1.4874612927666497,20.741666666668607,48,ZB23.R22
o12,-1205,-1.2044923208333333e6,1.7741414660875947,20.541666666666668,48,ZB23.R22
o2,-1201,-1.2005133265306123e6,1.3316775965790102,20.318367346940676,49,ZB23.R22
o2,-1202,-1.2015064612244903e6,0.7323552846841448,20.2367346938747,49,ZB23.R22
o2,-1203,-1.2025012122448978e6,1.8802434402447368,20.46530612244993,49,ZB23.R22
o2,-1204,-1.2035010291666668e6,1.456704874623884,20.691666666665697,48,ZB23.R22
o2,-1205,-1.2044923708333336e6,1.8085990332565292,20.558333333334303,48,ZB23.R22
o3,-1201,-1.2004997517241384e6,0.34848344477268317,17.075862068967925,58,ZB23.R22
o3,-1202,-1.201497471186442e6,0.37298314238346686,17.05762711864249,59,ZB23.R22
o3,-1203,-1.2025032440677967e6,0.35497689297824137,17.03728813559243,59,ZB23.R22
o3,-1204,-1.2034986561403507e6,0.3860714955919298,17.354385964911465,57,ZB23.R22
o3,-1205,-1.2044895206896549e6,0.39695909029652615,17.055172413796313,58,ZB23.R22
p,-1201,-1.200502843478261e6,1.2134836333478904,14.48695652174048,69,ZB23.R22
p,-1202,-1.2014977628571428e6,1.4353951264033227,14.177142857141527,70,ZB23.R22
p,-1203,-1.2025097549295772e6,1.2124495734111862,14.056338028169014,71,ZB23.R22
p,-1204,-1.2034932109589037e6,1.6874644417659599,13.764383561644474,73,ZB23.R22
p,-1205,-1.2044978638888889e6,1.274566527343817,13.883333333334626,72,ZB23.R22
p1,-1201,-1.2005057242424241e6,1.2550437011074216,15.036363636365753,66,ZB23.R22
p1,-1202,-1.201500375757575e6,1.3254739658231152,15.04242424242142,66,ZB23.R22
p1,-1203,-1.2024954969696966e6,1.1876446283386781,15.103030303031009,66,ZB23.R22
p1,-1204,-1.2034937117647063e6,1.448774510685294,14.800000000002054,68,ZB23.R22
p1,-1205,-1.2044932597014925e6,1.1346792724080725,14.889552238803885,67,ZB23.R22
p2,-1201,-1.200505480519481e6,0.5061330113966657,12.987012987012987,77,ZB23.R22
p2,-1202,-1.201500928947368e6,0.8888846880808458,13.036842105263771,76,ZB23.R22
p2,-1203,-1.2024949922077926e6,0.7472869979400546,12.987012987012987,77,ZB23.R22
p2,-1204,-1.2034971688311682e6,1.2541124093611862,13.018181818180608,77,ZB23.R22
p2,-1205,-1.2044985480519482e6,0.9345111031362193,13.002597402599822,77,ZB23.R22
E,-1201,-1.2004635e6,0.9205231276202468,405.4000000000233,2,ZB23.R23
E,-1202,-1.2014802666666666e6,1.2719075860080669,407.73333333331783,3,ZB23.R23
E,-1203,-1.2025002999999998e6,1.3844861783283824,407.80000000004657,2,ZB23.R23
E,-1204,-1.2035172e6,1.2348440550401687,405.60000000001554,3,ZB23.R23
E,-1205,-1.2045281e6,0.8426876297681989,403.0,2,ZB23.R23
e,-1201,-1.2005338199999998e6,0.7884576153523238,93.55999999998603,10,ZB23.R23
e,-1202,-1.2015184000000001e6,1.4654285479026625,94.18181818181819,11,ZB23.R23
e,-1203,-1.2025172600000002e6,0.9962662929464429,94.84000000001397,10,ZB23.R23
e,-1204,-1.2035005090909095e6,1.237600382013138,93.01818181817758,11,ZB23.R23
e,-1205,-1.204522e6,1.7193408382176036,106.8444444444548,9,ZB23.R23
o1,-1201,-1.2005014571428571e6,0.35991535433372585,23.390476190473972,42,ZB23.R23
o1,-1202,-1.2014967116279071e6,0.39698704936071866,23.413953488373178,43,ZB23.R23
o1,-1203,-1.2025034372093026e6,0.37899510810452547,23.413953488373178,43,ZB23.R23
o1,-1204,-1.2034981952380952e6,0.39161389728129975,23.400000000001107,42,ZB23.R23
o1,-1205,-1.2044924883720933e6,0.4158695876673665,23.37674418604543,43,ZB23.R23
o12,-1201,-1.2005119e6,1.8800523601825478,20.533333333335275,48,ZB23.R23
o12,-1202,-1.2015013000000003e6,1.2289614133756408,20.716666666664725,48,ZB23.R23
o12,-1203,-1.2025045877551022e6,1.5542070107291497,20.60408163265496,49,ZB23.R23
o12,-1204,-1.2035021124999998e6,1.4510114497594364,20.641666666662786,48,ZB23.R23
o12,-1205,-1.2044950416666667e6,1.4559560483826515,20.70000000000194,48,ZB23.R23
o2,-1201,-1.2005119166666667e6,1.90497320603133,20.5,48,ZB23.R23
o2,-1202,-1.2015012916666667e6,1.2104051889152871,20.69999999999709,48,ZB23.R23
o2,-1203,-1.2025046204081632e6,1.5821458414055654,20.620408163268156,49,ZB23.R23
o2,-1204,-1.2035020833333333e6,1.4599471867499147,20.64999999999903,48,ZB23.R23
o2,-1205,-1.2044950541666667e6,1.4316342838441294,20.65833333333042,48,ZB23.R23
o3,-1201,-1.200503903448276e6,0.35620647283513684,17.04827586206977,58,ZB23.R23
o3,-1202,-1.2014994474576272e6,0.33325658903465866,16.996610169492314,59,ZB23.R23
o3,-1203,-1.2025032237288135e6,0.34288345201980885,16.996610169488367,59,ZB23.R23
o3,-1204,-1.2034986965517236e6,0.3813746206992218,17.020689655175627,58,ZB23.R23
o3,-1205,-1.204492710344828e6,0.4177966143836894,17.28275862068805,58,ZB23.R23
p,-1201,-1.2004932985507245e6,1.293448132422615,14.376811594202898,69,ZB23.R23
p,-1202,-1.2014915999999996e6,1.415456284909527,13.900000000000647,72,ZB23.R23
p,-1203,-1.2024957536231887e6,1.4573688279349915,14.556521739129085,69,ZB23.R23
p,-1204,-1.2035062056338033e6,1.2573126309208975,14.07887323943793,71,ZB23.R23
p,-1205,-1.2044939e6,1.612292271413967,14.142857142857142,70,ZB23.R23
p1,-1201,-1.200494310447761e6,1.3039294785090385,14.805970149253731,67,ZB23.R23
p1,-1202,-1.2014944202898552e6,1.1407909975390431,14.695652173913043,69,ZB23.R23
p1,-1203,-1.2025032411764706e6,1.397129528768699,14.588235294117647,68,ZB23.R23
p1,-1204,-1.2034984089552239e6,1.1065404238282095,14.895522388059701,67,ZB23.R23
p1,-1205,-1.204494073529412e6,1.3797252395774768,14.594117647060878,68,ZB23.R23
p2,-1201,-1.2005029315789472e6,0.4933317487311168,12.97894736842289,76,ZB23.R23
p2,-1202,-1.201496841558441e6,1.110159468914377,13.028571428570825,77,ZB23.R23
p2,-1203,-1.2024990103896104e6,0.6558842295842412,12.981818181816367,77,ZB23.R23
p2,-1204,-1.2034985532467526e6,0.8653857695904368,13.002597402599822,77,ZB23.R23
p2,-1205,-1.2044941684210512e6,1.0755844474143832,13.010526315787024,76,ZB23.R23
E,-1201,-1.2005676e6,0.41128415626348847,399.19999999995343,2,ZB23.R24
E,-1202,-1.201561e6,0.44709998155369246,396.1333333333799,3,ZB23.R24
E,-1203,-1.2025534e6,0.5174668705968106,399.19999999995343,2,ZB23.R24
E,-1204,-1.2035568666666665e6,0.6153409716073331,402.80000000004657,3,ZB23.R24
E,-1205,-1.2045648e6,0.5552085441280215,403.19999999995343,2,ZB23.R24
e,-1201,-1.2005469333333333e6,1.6796622896654527,99.28888888887337,9,ZB23.R24
e,-1202,-1.2014754e6,1.729304085032594,98.16000000000932,10,ZB23.R24
e,-1203,-1.20249216e6,1.7038819685848605,101.43999999999069,10,ZB23.R24
e,-1204,-1.20345838e6,1.7187894855232373,97.48000000000465,10,ZB23.R24
e,-1205,-1.20448058e6,1.5735850916317555,102.04000000001398,10,ZB23.R24
o1,-1201,-1.2004988142857142e6,0.3289004670703668,23.266666666665557,42,ZB23.R24
o1,-1202,-1.20149148372093e6,0.36975750493807114,23.37674418604543,43,ZB23.R24
o1,-1203,-1.2024960279069766e6,0.3770097396658727,23.348837209302324,43,ZB23.R24
o1,-1204,-1.2034998976744185e6,0.3751842722719589,23.348837209302324,43,ZB23.R24
o1,-1205,-1.2044921809523809e6,0.3501770223710909,23.37142857143079,42,ZB23.R24
o12,-1201,-1.200513925e6,1.388085667254081,20.64999999999903,48,ZB23.R24
o12,-1202,-1.2015043e6,1.1991352885546398,20.616666666668607,48,ZB23.R24
o12,-1203,-1.2025024285714286e6,1.9127604431276308,20.5469387755064,49,ZB23.R24
o12,-1204,-1.2035008666666665e6,1.8703843534131013,20.566666666670546,48,ZB23.R24
o12,-1205,-1.2044893291666666e6,1.1660226345202205,20.608333333332364,48,ZB23.R24
o2,-1201,-1.2005139249999998e6,1.3698840972603799,20.616666666668607,48,ZB23.R24
o2,-1202,-1.2015043124999998e6,1.211066244848206,20.641666666662786,48,ZB23.R24
o2,-1203,-1.202502387755102e6,1.9464510039048888,20.546938775511155,49,ZB23.R24
o2,-1204,-1.2035008583333332e6,1.894456411887683,20.533333333335275,48,ZB23.R24
o2,-1205,-1.204489316666667e6,1.1683984054751555,20.616666666663757,48,ZB23.R24
o3,-1201,-1.2005024896551722e6,0.34798630575414213,17.04827586206977,58,ZB23.R24
o3,-1202,-1.2014987355932202e6,0.38288943125649794,17.050847457627118,59,ZB23.R24
o3,-1203,-1.2025035050847454e6,0.37340302106471207,17.030508474573114,59,ZB23.R24
o3,-1204,-1.2034993275862068e6,0.35316025874756163,17.01379310344908,58,ZB23.R24
o3,-1205,-1.2044947355932202e6,0.3733399542859694,17.02372881356169,59,ZB23.R24
p,-1201,-1.2005101638888887e6,1.4522428732136443,13.949999999998706,72,ZB23.R24
p,-1202,-1.2014939777777777e6,1.267356398110516,13.822222222221576,72,ZB23.R24
p,-1203,-1.2025079333333327e6,1.4200327648770579,13.96666666666796,72,ZB23.R24
p,-1204,-1.2034939361111112e6,1.3874149059472012,13.827777777775838,72,ZB23.R24
p,-1205,-1.2045039942857148e6,1.34770214477101,14.17142857142857,70,ZB23.R24
p1,-1201,-1.2005030835820895e6,1.2961467903672936,15.026865671642486,67,ZB23.R24
p1,-1202,-1.2015042363636366e6,1.2063431330801715,15.054545454543337,66,ZB23.R24
p1,-1203,-1.2024979151515153e6,1.2720376895640195,15.042424242424948,66,ZB23.R24
p1,-1204,-1.203498582089552e6,1.2367304852650667,15.050746268655326,67,ZB23.R24
p1,-1205,-1.2044995212121212e6,1.2474418229034254,15.042424242424948,66,ZB23.R24
p2,-1201,-1.2005023688311686e6,0.9184684909997282,13.03896103896104,77,ZB23.R24
p2,-1202,-1.2015004631578948e6,0.923582112314807,13.063157894737454,76,ZB23.R24
p2,-1203,-1.2025036441558436e6,0.9889476437641257,13.085714285715495,77,ZB23.R24
p2,-1204,-1.2034998684210526e6,1.014568342006198,13.073684210524478,76,ZB23.R24
p2,-1205,-1.2044971000000006e6,0.8653985205820668,13.084210526317628,76,ZB23.R24
E,-1201,-1.2007737e6,1.3112584285731699,406.5999999999767,2,ZB23.R25
E,-1202,-1.2015887e6,1.6791813879742123,408.60000000009313,2,ZB23.R25
E,-1203,-1.2024076e6,1.8203007569378473,410.0,2,ZB23.R25
E,-1204,-1.2034306666666667e6,1.701061426020573,408.2666666666046,3,ZB23.R25
E,-1205,-1.2044486e6,1.2214020054613037,406.0,2,ZB23.R25
e,-1201,-1.2005454222222222e6,1.124472689407802,103.11111111111111,9,ZB23.R25
e,-1202,-1.20146335e6,0.6242361155126026,117.79999999998836,8,ZB23.R25
e,-1203,-1.2024369000000001e6,1.1296248522267869,99.72000000001863,10,ZB23.R25
e,-1204,-1.2034971e6,0.6703194803925401,109.63999999999069,10,ZB23.R25
e,-1205,-1.2044985500000003e6,1.2846923603683202,109.39999999999418,8,ZB23.R25
o1,-1201,-1.2005041395348837e6,0.37576058080624386,23.404651162793947,43,ZB23.R25
o1,-1202,-1.2014980285714287e6,0.3939857302531519,23.390476190473972,42,ZB23.R25
o1,-1203,-1.2024915534883721e6,0.40385939666521903,23.3674418604662,43,ZB23.R25
o1,-1204,-1.2034963348837206e6,0.39781825956160033,23.3674418604662,43,ZB23.R25
o1,-1205,-1.204488961904762e6,0.39902490018141323,23.314285714284605,42,ZB23.R25
o12,-1201,-1.2005121500000001e6,1.4663126033269693,20.60000000000097,48,ZB23.R25
o12,-1202,-1.2014988625e6,1.62626760409175,20.508333333336243,48,ZB23.R25
o12,-1203,-1.2024968571428573e6,1.403070651598287,20.571428571428573,49,ZB23.R25
o12,-1204,-1.2035048693877552e6,1.5964022028820721,20.53061224489796,49,ZB23.R25
o12,-1205,-1.2045005875000004e6,1.3937554710111322,20.625,48,ZB23.R25
o2,-1201,-1.2005122e6,1.4662436429186665,20.583333333333332,48,ZB23.R25
o2,-1202,-1.201498820833333e6,1.6692179743051094,20.52499999999903,48,ZB23.R25
o2,-1203,-1.2024968489795916e6,1.4165119884774235,20.571428571428573,49,ZB23.R25
o2,-1204,-1.2035048653061225e6,1.6317253341697704,20.522448979593737,49,ZB23.R25
o2,-1205,-1.2045005499999996e6,1.3618660238580966,20.583333333333332,48,ZB23.R25
o3,-1201,-1.2004977758620689e6,0.4659734369466613,17.20689655172414,58,ZB23.R25
o3,-1202,-1.2014979344827586e6,0.4575040856083289,17.275862068965516,58,ZB23.R25
o3,-1203,-1.2024999827586208e6,0.46513358696393264,17.275862068965516,58,ZB23.R25
o3,-1204,-1.2035003068965522e6,0.47518636665992525,17.19310344827506,58,ZB23.R25
o3,-1205,-1.2044982172413797e6,0.4280965446047991,17.110344827588616,58,ZB23.R25
p,-1201,-1.200497086956522e6,1.4368567766568716,14.266666666665317,69,ZB23.R25
p,-1202,-1.2014966695652173e6,1.3846876192763276,14.544927536233233,69,ZB23.R25
p,-1203,-1.2025014428571428e6,1.545310022798398,14.291428571427241,70,ZB23.R25
p,-1204,-1.2034945314285713e6,1.3229036738214814,14.342857142857143,70,ZB23.R25
p,-1205,-1.2044963323529416e6,1.6052779029843829,14.54705882353215,68,ZB23.R25
p1,-1201,-1.2005017970588238e6,1.2946855158422512,14.5,68,ZB23.R25
p1,-1202,-1.2014967855072466e6,1.400702055625258,14.544927536233233,69,ZB23.R25
p1,-1203,-1.202499513043478e6,1.4588693824272538,14.55072463768116,69,ZB23.R25
p1,-1204,-1.2035012608695654e6,1.3417021150534925,14.48695652174048,69,ZB23.R25
p1,-1205,-1.204496261764706e6,1.4960244305466517,14.558823529411764,68,ZB23.R25
p2,-1201,-1.2004990578947372e6,0.6989121941119277,13.031578947370258,76,ZB23.R25
p2,-1202,-1.2014995743589757e6,0.3333089657603087,12.964102564101967,78,ZB23.R25
p2,-1203,-1.2025003157894742e6,0.7500705840258917,13.042105263157282,76,ZB23.R25
p2,-1204,-1.203501771794873e6,0.3628484995357669,12.948717948717949,78,ZB23.R25
p2,-1205,-1.204500402631579e6,0.6915530943826248,13.015789473683597,76,ZB23.R25
E,-1201,-1.2006395e6,1.0075077462472426,405.80000000004657,2,ZB23.R26
E,-1202,-1.2014541e6,1.2638284939684925,409.0,2,ZB23.R26
E,-1203,-1.2024812e6,1.3310616305166783,412.0,3,ZB23.R26
E,-1204,-1.2035103e6,1.2664184327511876,410.19999999995343,2,ZB23.R26
E,-1205,-1.2043271e6,1.0478304636372116,406.5999999999767,2,ZB23.R26
e,-1201,-1.2005325111111111e6,1.2961321296904598,97.37777777776743,9,ZB23.R26
e,-1202,-1.2014921454545453e6,1.0578989994715289,94.47272727272303,11,ZB23.R26
e,-1203,-1.2025138363636364e6,1.3637806847636351,94.14545454546301,11,ZB23.R26
e,-1204,-1.2035196800000002e6,1.4090926818155185,97.03999999999068,10,ZB23.R26
e,-1205,-1.2044581600000001e6,0.8067775134948469,93.28000000000466,10,ZB23.R26
o1,-1201,-1.200510961904762e6,0.3691857358455624,23.428571428571427,42,ZB23.R26
o1,-1202,-1.2015055999999999e6,0.3669632130999753,23.404651162793947,43,ZB23.R26
o1,-1203,-1.2024998238095238e6,0.3704352145124819,23.38095238095238,42,ZB23.R26
o1,-1204,-1.203493511627907e6,0.36572486110459285,23.37674418604543,43,ZB23.R26
o1,-1205,-1.2044985813953488e6,0.3555131941370005,23.339534883723097,43,ZB23.R26
o12,-1201,-1.2005076000000003e6,1.059752387509471,20.731914893619994,47,ZB23.R26
o12,-1202,-1.2014993020408163e6,1.6490602911175845,20.595918367345988,49,ZB23.R26
o12,-1203,-1.2024956125e6,1.6444990003474906,20.625,48,ZB23.R26
o12,-1204,-1.2034986367346942e6,1.5588996065333351,20.6367346938766,49,ZB23.R26
o12,-1205,-1.2044947874999999e6,1.6777780730727165,20.658333333335275,48,ZB23.R26
o2,-1201,-1.200507404255319e6,1.0334777520274967,20.714893617018305,47,ZB23.R26
o2,-1202,-1.2014994e6,1.6715205258762014,20.59591836735074,49,ZB23.R26
o2,-1203,-1.2024955916666668e6,1.668077733128804,20.633333333331393,48,ZB23.R26
o2,-1204,-1.2034986816326533e6,1.5728514703380085,20.644897959185574,49,ZB23.R26
o2,-1205,-1.2044945833333333e6,1.6707259021088845,20.54999999999806,48,ZB23.R26
o3,-1201,-1.2005048551724132e6,0.16210208188517014,16.92413793103609,58,ZB23.R26
o3,-1202,-1.2014960203389826e6,0.17166503193803484,16.935593220338195,59,ZB23.R26
o3,-1203,-1.2024949830508474e6,0.1610338246808224,16.908474576272766,59,ZB23.R26
o3,-1204,-1.203493610169492e6,0.16537975151136128,16.928813559318876,59,ZB23.R26
o3,-1205,-1.2044929423728816e6,0.13615569555558724,16.976271186442258,59,ZB23.R26
p,-1201,-1.2005064285714286e6,1.427696708695088,14.182857142857808,70,ZB23.R26
p,-1202,-1.2014952400000002e6,1.4246454981322982,14.194285714283719,70,ZB23.R26
p,-1203,-1.2024973205479449e6,1.3854205621125915,13.720547945206755,73,ZB23.R26
p,-1204,-1.203495771830986e6,1.565059628228458,14.123943661972486,71,ZB23.R26
p,-1205,-1.2045042140845077e6,1.2133318970776767,14.084507042253522,71,ZB23.R26
p1,-1201,-1.200507711764706e6,1.2176755463050934,14.576470588238033,68,ZB23.R26
p1,-1202,-1.201496711764706e6,1.3489693188324754,14.57647058823461,68,ZB23.R26
p1,-1203,-1.2024994800000002e6,1.152430202190363,14.479999999998004,70,ZB23.R26
p1,-1204,-1.203502094117647e6,1.3735824608878338,14.576470588238033,68,ZB23.R26
p1,-1205,-1.2044977999999998e6,1.1536619682569396,14.521739130434783,69,ZB23.R26
p2,-1201,-1.200500989473684e6,0.8814610782362218,13.031578947370258,76,ZB23.R26
p2,-1202,-1.2014971402597402e6,0.7243132982243492,12.950649350648746,77,ZB23.R26
p2,-1203,-1.202495503896104e6,1.0691645617613952,13.023376623377228,77,ZB23.R26
p2,-1204,-1.2034978441558431e6,1.014518442916742,13.007792207790393,77,ZB23.R26
p2,-1205,-1.2044970701298704e6,0.5616007845694617,12.96623376623558,77,ZB23.R26
E,-1201,-1.2006847e6,0.8774115249938871,406.19999999995343,2,ZB23.R27
E,-1202,-1.2014991e6,1.091582849234436,408.20000000006985,2,ZB23.R27
E,-1203,-1.2025218666666667e6,1.13698953003084,409.3333333333333,3,ZB23.R27
E,-1204,-1.2035436e6,0.999042102526628,407.5999999999767,2,ZB23.R27
E,-1205,-1.2043566e6,0.732861505489929,405.5999999999767,2,ZB23.R27
e,-1201,-1.2005165818181818e6,1.0711825290343042,92.07272727273151,11,ZB23.R27
e,-1202,-1.20150392e6,1.7006783393011573,96.23999999999069,10,ZB23.R27
e,-1203,-1.2024966e6,1.4473046803167793,92.83636363635941,11,ZB23.R27
e,-1204,-1.20348514e6,1.521233118812602,94.84000000001397,10,ZB23.R27
e,-1205,-1.2044303800000001e6,1.7557945694181594,95.31999999999535,10,ZB23.R27
o1,-1201,-1.2005047714285715e6,0.562094727046737,23.390476190473972,42,ZB23.R27
o1,-1202,-1.2014987302325582e6,0.586358251610273,23.37674418604543,43,ZB23.R27
o1,-1203,-1.2025040325581394e6,0.6026028165450096,23.37674418604543,43,ZB23.R27
o1,-1204,-1.2035089209302326e6,0.573429085833487,23.3674418604662,43,ZB23.R27
o1,-1205,-1.2045017095238096e6,0.5675802946588828,23.361904761903652,42,ZB23.R27
o12,-1201,-1.2005032874999999e6,1.326355060898597,20.32500000000194,48,ZB23.R27
o12,-1202,-1.2014959551020407e6,1.488550965223183,20.62857142857238,49,ZB23.R27
o12,-1203,-1.2025002583333333e6,1.3706371583052201,20.666666666666668,48,ZB23.R27
o12,-1204,-1.2034949208333332e6,1.4739135135376913,21.091666666664725,48,ZB23.R27
o12,-1205,-1.2045023999999997e6,1.224090841752407,20.64999999999903,48,ZB23.R27
o2,-1201,-1.2005034e6,1.3516294619892983,20.30000000000291,48,ZB23.R27
o2,-1202,-1.201495987755102e6,1.499607522583847,20.644897959180824,49,ZB23.R27
o2,-1203,-1.2025000458333332e6,1.3519856906328054,20.658333333335275,48,ZB23.R27
o2,-1204,-1.2034987795918367e6,1.4281927250035769,20.644897959180824,49,ZB23.R27
o2,-1205,-1.2045023500000003e6,1.213212810161941,20.65000000000388,48,ZB23.R27
o3,-1201,-1.200506351724139e6,0.4668906327298893,17.00689655172655,58,ZB23.R27
o3,-1202,-1.2014982915254235e6,0.4425993577958378,16.96271186440757,59,ZB23.R27
o3,-1203,-1.2024990644067798e6,0.42955216974486427,16.949152542372882,59,ZB23.R27
o3,-1204,-1.203499877966102e6,0.46668582045556417,16.949152542372882,59,ZB23.R27
o3,-1205,-1.2044911754385964e6,0.4349218377300891,17.27017543859486,57,ZB23.R27
p,-1201,-1.200494487323943e6,1.2161086578631446,14.067605633803472,71,ZB23.R27
p,-1202,-1.2015032366197184e6,1.5372398064868342,14.135211267606946,71,ZB23.R27
p,-1203,-1.2025014000000006e6,1.3163913415842459,13.682191780822556,73,ZB23.R27
p,-1204,-1.2035009371428571e6,1.4539591520463784,14.137142857140862,70,ZB23.R27
p,-1205,-1.2044872972222222e6,1.3915171567552618,13.86111111111111,72,ZB23.R27
p1,-1201,-1.2004948746268656e6,1.096838242521559,14.919402985076017,67,ZB23.R27
p1,-1202,-1.2015000911764707e6,1.2950191974147658,14.794117647058824,68,ZB23.R27
p1,-1203,-1.202499264705882e6,1.1043461092818472,14.670588235295487,68,ZB23.R27
p1,-1204,-1.2034964835820897e6,1.2664268739291376,14.794029850745574,67,ZB23.R27
p1,-1205,-1.2044873492537315e6,1.1107854079530095,14.794029850745574,67,ZB23.R27
p2,-1201,-1.2005036181818175e6,0.7451783053564319,12.981818181816367,77,ZB23.R27
p2,-1202,-1.201503425974027e6,1.123570250713146,12.992207792209607,77,ZB23.R27
p2,-1203,-1.2025037298701303e6,1.0454155192902572,12.987012987012987,77,ZB23.R27
p2,-1204,-1.2035034935064928e6,1.0321173426954162,12.981818181816367,77,ZB23.R27
p2,-1205,-1.204496705263157e6,1.1629135440752514,12.989473684209914,76,ZB23.R27
E,-1201,-1.2006271e6,0.30476848301337733,408.5999999999767,2,ZB23.R28
E,-1202,-1.2014499e6,0.21337214323828935,416.19999999995343,2,ZB23.R28
E,-1203,-1.2023918e6,0.13556518038820148,492.4000000000233,2,ZB23.R28
E,-1204,-1.2034688666666665e6,0.39256795514269044,409.46666666671325,3,ZB23.R28
E,-1205,-1.2044879e6,0.4863497218425148,406.19999999995343,2,ZB23.R28
e,-1201,-1.2005389333333333e6,1.5052992844787674,100.97777777778295,9,ZB23.R28
e,-1202,-1.2014911818181816e6,1.3386227079367021,93.19999999999577,11,ZB23.R28
e,-1203,-1.2025248909090909e6,2.1508317329426725,95.45454545454545,11,ZB23.R28
e,-1204,-1.2035263199999998e6,2.0100973578891876,94.88000000000466,10,ZB23.R28
e,-1205,-1.2044766599999997e6,1.6020933225496452,94.83999999999068,10,ZB23.R28
o1,-1201,-1.2005131e6,0.3964926370119562,23.38095238095238,42,ZB23.R28
o1,-1202,-1.2015064325581396e6,0.39429925113367215,23.35813953488697,43,ZB23.R28
o1,-1203,-1.202499280952381e6,0.4133785960260992,23.361904761903652,42,ZB23.R28
o1,-1204,-1.2034918558139536e6,0.381919966669946,23.358139534881555,43,ZB23.R28
o1,-1205,-1.2044961023255812e6,0.3552187840210766,23.348837209302324,43,ZB23.R28
o12,-1201,-1.200497683333333e6,1.108160757712414,20.883333333336243,48,ZB23.R28
o12,-1202,-1.2015056624999999e6,1.5617141975466284,20.541666666666668,48,ZB23.R28
o12,-1203,-1.202499608163265e6,1.6014267195548957,20.6367346938766,49,ZB23.R28
o12,-1204,-1.2035015416666667e6,1.5169339431064575,20.616666666668607,48,ZB23.R28
o12,-1205,-1.2044871124999998e6,1.543758883559158,20.641666666662786,48,ZB23.R28
o2,-1201,-1.2004971458333333e6,1.1227395279696102,20.508333333331393,48,ZB23.R28
o2,-1202,-1.2014956612244898e6,1.5993901673600701,20.46530612244993,49,ZB23.R28
o2,-1203,-1.202499591836735e6,1.6010278496634043,20.620408163268156,49,ZB23.R28
o2,-1204,-1.2035015374999999e6,1.5392648917243805,20.625,48,ZB23.R28
o2,-1205,-1.204486925e6,1.549616610560741,20.59999999999612,48,ZB23.R28
o3,-1201,-1.2005111862068963e6,0.3017948305316223,17.103448275862068,58,ZB23.R28
o3,-1202,-1.2015013620689656e6,0.28218361692662386,17.1655172413769,58,ZB23.R28
o3,-1203,-1.2025006140350876e6,0.28815737028793786,17.452631578948186,57,ZB23.R28
o3,-1204,-1.203501924137931e6,0.3323292138477966,17.379310344827587,58,ZB23.R28
o3,-1205,-1.2044994206896548e6,0.2988825477506454,17.062068965518847,58,ZB23.R28
p,-1201,-1.200518023188406e6,1.3990705558401864,14.33043478260937,69,ZB23.R28
p,-1202,-1.2014809101449277e6,1.1953710816371126,14.434782608695652,69,ZB23.R28
p,-1203,-1.202504932432432e6,1.5366850476712308,13.54054054054054,74,ZB23.R28
p,-1204,-1.2035029369863009e6,1.3779475314725316,13.709589041096528,73,ZB23.R28
p,-1205,-1.2044962805970144e6,1.3832068082646611,14.770149253729258,67,ZB23.R28
p1,-1201,-1.2005036484848484e6,1.2544640737470856,15.030303030303031,66,ZB23.R28
p1,-1202,-1.2014974878787883e6,1.229169202524379,15.06060606060606,66,ZB23.R28
p1,-1203,-1.2024987880597014e6,1.2126670650111835,15.056716417911142,67,ZB23.R28
p1,-1204,-1.203499884848486e6,1.222825578768861,15.054545454546865,66,ZB23.R28
p1,-1205,-1.2044931515151514e6,1.3164473327109054,15.018181818181112,66,ZB23.R28
p2,-1201,-1.200501186842105e6,0.8188481361422077,13.121052631578335,76,ZB23.R28
p2,-1202,-1.2014966935064944e6,0.6880746331358424,12.96103896103896,77,ZB23.R28
p2,-1203,-1.2024958285714276e6,1.4294490751471312,13.007792207793416,77,ZB23.R28
p2,-1204,-1.2034969740259724e6,1.1827076540811148,12.992207792206584,77,ZB23.R28
p2,-1205,-1.2044973870129876e6,0.8153202645477607,12.987012987012987,77,ZB23.R28
E,-1201,-1.2006237000000002e6,0.915580025871393,401.0,2,ZB23.R29
E,-1202,-1.2014273e6,1.2414384521556165,402.5999999999767,2,ZB23.R29
E,-1203,-1.2024344666666666e6,1.3804204080307942,403.06666666665114,3,ZB23.R29
E,-1204,-1.2034415e6,1.2351440670995464,402.20000000006985,2,ZB23.R29
E,-1205,-1.2042450999999999e6,0.9051671637192762,401.39999999990687,2,ZB23.R29
e,-1201,-1.20056346e6,1.1274839951349265,95.31999999999535,10,ZB23.R29
e,-1202,-1.20150614e6,1.481927063394192,95.56000000000931,10,ZB23.R29
e,-1203,-1.2025107818181817e6,1.554212312384108,94.50909090907821,11,ZB23.R29
e,-1204,-1.2035031400000001e6,0.9382310036539758,93.64000000001397,10,ZB23.R29
e,-1205,-1.20445158e6,1.6696885695617312,94.91999999999534,10,ZB23.R29
o1,-1201,-1.2005108523809526e6,0.38250616978113927,23.38095238095238,42,ZB23.R29
o1,-1202,-1.2015059488372095e6,0.39003570668025234,23.413953488373178,43,ZB23.R29
o1,-1203,-1.2025007857142857e6,0.38637629609291935,23.400000000001107,42,ZB23.R29
o1,-1204,-1.2034953767441863e6,0.3794797562820571,23.404651162788532,43,ZB23.R29
o1,-1205,-1.2044892523809525e6,0.3991524728957356,23.34285714286047,42,ZB23.R29
o12,-1201,-1.20050145e6,1.6380397466311563,20.666666666666668,48,ZB23.R29
o12,-1202,-1.2014995061224492e6,1.5606395140842009,20.62857142857238,49,ZB23.R29
o12,-1203,-1.2025003e6,1.51397710044545,20.616666666663757,48,ZB23.R29
o12,-1204,-1.2034979265306124e6,1.5855751468079586,20.555102040815378,49,ZB23.R29
o12,-1205,-1.204497879166667e6,1.344600201311703,20.708333333333332,48,ZB23.R29
o2,-1201,-1.2005014999999998e6,1.6034610920587713,20.59999999999612,48,ZB23.R29
o2,-1202,-1.2014995591836735e6,1.5644550337227094,20.63673469388135,49,ZB23.R29
o2,-1203,-1.202500304166667e6,1.5289990938527147,20.625,48,ZB23.R29
o2,-1204,-1.2034978612244895e6,1.6165017320018642,20.571428571428573,49,ZB23.R29
o2,-1205,-1.2044977958333334e6,1.2949442065305374,20.608333333332364,48,ZB23.R29
o3,-1201,-1.2005029473684214e6,0.31121499907067984,17.445614035086084,57,ZB23.R29
o3,-1202,-1.2014987684210525e6,0.3275310072062009,17.480701754388416,57,ZB23.R29
o3,-1203,-1.2024950140350873e6,0.36013803763471275,17.48070175438433,57,ZB23.R29
o3,-1204,-1.2035002655172413e6,0.3583187137678606,17.441379310346434,58,ZB23.R29
o3,-1205,-1.2045040947368422e6,0.3303595138101116,17.43859649122807,57,ZB23.R29
p,-1201,-1.2004953029411759e6,1.2888807541601277,14.66470588235568,68,ZB23.R29
p,-1202,-1.2014932885714285e6,1.4334566151217367,14.177142857141527,70,ZB23.R29
p,-1203,-1.2024975753424657e6,1.397683328591218,13.879452054793882,73,ZB23.R29
p,-1204,-1.2035048656716421e6,1.3076914753273494,14.770149253732733,67,ZB23.R29
p,-1205,-1.2044991042253522e6,1.4911916625485457,14.073239436619062,71,ZB23.R29
p1,-1201,-1.2005035909090908e6,1.3172793720269347,15.024242424243836,66,ZB23.R29
p1,-1202,-1.2014941014925372e6,1.385027735458094,14.81791044776189,67,ZB23.R29
p1,-1203,-1.202500070588235e6,1.2666249728132997,14.894117647056085,68,ZB23.R29
p1,-1204,-1.20350273030303e6,1.3317922242320084,15.048484848487671,66,ZB23.R29
p1,-1205,-1.2045027880597017e6,1.2716417806554123,14.865671641791044,67,ZB23.R29
p2,-1201,-1.2005050987012978e6,0.5933735124461835,12.992207792206584,77,ZB23.R29
p2,-1202,-1.201499402631579e6,0.875924074861365,13.015789473683597,76,ZB23.R29
p2,-1203,-1.2024957714285715e6,1.0110907983601174,13.018181818183633,77,ZB23.R29
p2,-1204,-1.2034963636363647e6,0.5263634537131373,12.976623376622772,77,ZB23.R29
p2,-1205,-1.2044977298701287e6,1.063463755583154,13.028571428570825,77,ZB23.R29
E,-1201,-1.2004761e6,0.7437735912866943,405.80000000004657,2,ZB23.R30
E,-1202,-1.2014910666666667e6,1.158533756415495,406.1333333333023,3,ZB23.R30
E,-1203,-1.2025070999999999e6,1.3186989402029583,406.60000000009313,2,ZB23.R30
E,-1204,-1.2035222666666666e6,1.1318144486811061,405.5999999999379,3,ZB23.R30
E,-1205,-1.2045347000000002e6,0.6972715526167946,404.20000000006985,2,ZB23.R30
e,-1201,-1.2005035799999998e6,1.7427296536339738,96.35999999998603,10,ZB23.R30
e,-1202,-1.2014955454545454e6,0.7902436087544454,91.45454545454545,11,ZB23.R30
e,-1203,-1.2024843200000003e6,1.4857186227409411,96.88000000000466,10,ZB23.R30
e,-1204,-1.2034660363636366e6,0.8965006916180307,91.63636363636364,11,ZB23.R30
e,-1205,-1.20445444e6,1.6735121156899346,95.44000000001397,10,ZB23.R30
o1,-1201,-1.2004979523809524e6,0.42397464377972643,23.390476190473972,42,ZB23.R30
o1,-1202,-1.2014921906976744e6,0.4075440761778822,23.3953488372093,43,ZB23.R30
o1,-1203,-1.2024978976744188e6,0.43219466844063265,23.386046511630074,43,ZB23.R30
o1,-1204,-1.203503306976744e6,0.40868940563086725,23.37674418604543,43,ZB23.R30
o1,-1205,-1.2044965476190473e6,0.3997582447713826,23.342857142854925,42,ZB23.R30
o12,-1201,-1.2005096166666665e6,1.6583634797526203,20.733333333332364,48,ZB23.R30
o12,-1202,-1.201505848979592e6,1.3658280423420261,20.318367346935926,49,ZB23.R30
o12,-1203,-1.20249865106383e6,0.8671936476580572,21.114893617024247,47,ZB23.R30
o12,-1204,-1.2034948204081631e6,2.0726482251183764,20.481632653058373,49,ZB23.R30
o12,-1205,-1.2044956125000005e6,1.2346515527090578,20.72500000000097,48,ZB23.R30
o2,-1201,-1.2005096375e6,1.6204386201531225,20.691666666665697,48,ZB23.R30
o2,-1202,-1.201505730612245e6,1.4436018759079141,20.342857142858094,49,ZB23.R30
o2,-1203,-1.202498908333333e6,0.8026525977898228,20.64999999999903,48,ZB23.R30
o2,-1204,-1.203494763265306e6,2.146398685281002,20.46530612244993,49,ZB23.R30
o2,-1205,-1.2044955291666668e6,1.2048131105696547,20.72500000000097,48,ZB23.R30
o3,-1201,-1.2005049000000001e6,0.4547284816834816,17.31724137930874,58,ZB23.R30
o3,-1202,-1.2015077758620693e6,0.5069815024674024,17.275862068965516,58,ZB23.R30
o3,-1203,-1.2025010245614036e6,0.45112014157940766,17.263157894736842,57,ZB23.R30
o3,-1204,-1.2034934896551725e6,0.43101983170383396,17.255172413793908,58,ZB23.R30
o3,-1205,-1.2044932758620689e6,0.41224888366036677,17.186206896552527,58,ZB23.R30
p,-1201,-1.2005002027397265e6,1.5790772991153135,13.753424657534246,73,ZB23.R30
p,-1202,-1.2015054478873233e6,1.1789662146516227,14.073239436619062,71,ZB23.R30
p,-1203,-1.2025000371428572e6,1.4539683260525926,14.15428571428638,70,ZB23.R30
p,-1204,-1.2035030732394368e6,1.1874448537762798,14.225352112676056,71,ZB23.R30
p,-1205,-1.2044996760563385e6,1.5591494569626434,13.966197183096623,71,ZB23.R30
p1,-1201,-1.2005008882352943e6,1.2413529769735057,14.800000000002054,68,ZB23.R30
p1,-1202,-1.2015060835820895e6,1.1168418706895782,14.901492537312043,67,ZB23.R30
p1,-1203,-1.2024979492537312e6,1.259893356269839,14.788059701493232,67,ZB23.R30
p1,-1204,-1.2035015823529412e6,1.1001719402096497,14.6823529411751,68,ZB23.R30
p1,-1205,-1.2044944147058823e6,1.2064232238442256,14.78235294117921,68,ZB23.R30
p2,-1201,-1.2005041272727288e6,1.2866766546514898,13.012987012987013,77,ZB23.R30
p2,-1202,-1.2015046779220786e6,0.5746478798480507,12.971428571429175,77,ZB23.R30
p2,-1203,-1.2025049714285722e6,0.9929962942300504,13.007792207793416,77,ZB23.R30
p2,-1204,-1.2035036337662356e6,0.6551534729076469,12.96103896103896,77,ZB23.R30
p2,-1205,-1.2044972842105252e6,1.2517675143284979,13.0,76,ZB23.R30
E,-1201,-1.2005585e6,1.065661041090321,403.4000000000233,2,ZB23.R31
E,-1202,-1.2015700666666667e6,1.5159466526353371,405.73333333331783,3,ZB23.R31
E,-1203,-1.2025869e6,1.6169401102421221,407.80000000004657,2,ZB23.R31
E,-1204,-1.2034027000000002e6,1.4481356643998706,407.79999999993015,2,ZB23.R31
E,-1205,-1.2042177999999998e6,1.106748167920758,407.20000000006985,2,ZB23.R31
e,-1201,-1.20055744e6,1.1310681109903247,97.2,10,ZB23.R31
e,-1202,-1.2014857e6,0.931611104451801,100.36000000000931,10,ZB23.R31
e,-1203,-1.20255094e6,0.8561257722034835,96.27999999998137,10,ZB23.R31
e,-1204,-1.2034836e6,1.087289653494253,98.24000000001396,10,ZB23.R31
e,-1205,-1.204401711111111e6,1.4046105248416385,101.91111111110594,9,ZB23.R31
o1,-1201,-1.2005147476190475e6,0.40757345519832666,23.457142857141747,42,ZB23.R31
o1,-1202,-1.2014985666666667e6,0.4431890376438921,23.419047619044292,42,ZB23.R31
o1,-1203,-1.2024934976744188e6,0.44621521095652267,23.404651162793947,43,ZB23.R31
o1,-1204,-1.2034998930232557e6,0.4399519993839754,23.3953488372093,43,ZB23.R31
o1,-1205,-1.204493980952381e6,0.4390097371853679,23.390476190473972,42,ZB23.R31
o12,-1201,-1.2005135250000001e6,1.5273394801412838,20.616666666663757,48,ZB23.R31
o12,-1202,-1.2014997625e6,1.2822251440890018,20.608333333337214,48,ZB23.R31
o12,-1203,-1.2025004204081628e6,1.0744389210573122,20.66122448979402,49,ZB23.R31
o12,-1204,-1.2034997083333333e6,1.773535489495037,20.566666666665697,48,ZB23.R31
o12,-1205,-1.2044886333333335e6,1.601760377222865,20.566666666665697,48,ZB23.R31
o2,-1201,-1.2005135625000002e6,1.5231134863554987,20.608333333332364,48,ZB23.R31
o2,-1202,-1.2014997458333336e6,1.2955053982432678,20.625,48,ZB23.R31
o2,-1203,-1.2025004000000001e6,1.0552705663905184,20.653061224489797,49,ZB23.R31
o2,-1204,-1.2034996958333335e6,1.8052179120537508,20.541666666666668,48,ZB23.R31
o2,-1205,-1.2044886333333335e6,1.617445998810598,20.55000000000291,48,ZB23.R31
o3,-1201,-1.2005059241379309e6,0.42481935058886106,17.07586206896391,58,ZB23.R31
o3,-1202,-1.2015010620689658e6,0.4822549820121829,17.337931034484363,58,ZB23.R31
o3,-1203,-1.2025001344827588e6,0.492656943911991,17.0551724137923,58,ZB23.R31
o3,-1204,-1.203496783050847e6,0.4518682986356541,17.023728813557742,59,ZB23.R31
o3,-1205,-1.2044925793103448e6,0.4709594647548939,17.04827586206977,58,ZB23.R31
p,-1201,-1.2005021774647888e6,1.407274651645917,14.123943661972486,71,ZB23.R31
p,-1202,-1.2015110619718311e6,1.3734978791082015,14.123943661972486,71,ZB23.R31
p,-1203,-1.202499702941177e6,1.44039729447533,14.523529411766075,68,ZB23.R31
p,-1204,-1.203501382857143e6,1.4083759132158349,14.342857142857143,70,ZB23.R31
p,-1205,-1.2044970885714286e6,1.467479995965202,14.291428571427241,70,ZB23.R31
p1,-1201,-1.200510089552239e6,1.3490481081286363,14.794029850745574,67,ZB23.R31
p1,-1202,-1.2015037101449275e6,1.3375280934350848,14.504347826087631,69,ZB23.R31
p1,-1203,-1.2025011731343283e6,1.383924378461442,14.776119402985074,67,ZB23.R31
p1,-1204,-1.2034998617647057e6,1.3329540851969826,14.758823529413135,68,ZB23.R31
p1,-1205,-1.2044987147058821e6,1.293113998102582,14.723529411764021,68,ZB23.R31
p2,-1201,-1.2004998236842107e6,0.7299984229561101,13.036842105263771,76,ZB23.R31
p2,-1202,-1.2014922623376623e6,0.6056853367293696,12.971428571429175,77,ZB23.R31
p2,-1203,-1.2024973896103895e6,0.5679023069462809,13.137662337663548,77,ZB23.R31
p2,-1204,-1.2035026763157903e6,0.74819964169306,13.057894736840879,76,ZB23.R31
p2,-1205,-1.2044997090909085e6,0.8235167540773298,13.007792207793416,77,ZB23.R31
E,-1201,-1.2006441e6,0.7019308386678439,400.19999999995343,2,ZB23.R32
E,-1202,-1.2014452e6,0.8903698960682824,400.80000000004657,2,ZB23.R32
E,-1203,-1.2024492666666666e6,0.9403572729202487,402.5333333333644,3,ZB23.R32
E,-1204,-1.2034577000000002e6,0.8330840748319558,404.19999999995343,2,ZB23.R32
E,-1205,-1.2042662e6,0.6382746257277889,404.0,2,ZB23.R32
e,-1201,-1.2005082399999998e6,1.60075658051282,95.43999999999069,10,ZB23.R32
e,-1202,-1.2015111272727274e6,1.4023761082421708,94.98181818182242,11,ZB23.R32
e,-1203,-1.2025031999999997e6,1.486670161433074,94.0,10,ZB23.R32
e,-1204,-1.2035037999999998e6,1.954833108222318,96.83636363635941,11,ZB23.R32
e,-1205,-1.20449562e6,0.908425502300541,91.48000000000465,10,ZB23.R32
o1,-1201,-1.2005142904761906e6,0.4006470877875034,23.457142857141747,42,ZB23.R32
o1,-1202,-1.2014972000000002e6,0.40785978914217275,23.390476190473972,42,ZB23.R32
o1,-1203,-1.2024911627906978e6,0.4178140862225072,23.386046511630074,43,ZB23.R32
o1,-1204,-1.2034962186046513e6,0.43024318086418606,23.358139534881555,43,ZB23.R32
o1,-1205,-1.2044892523809527e6,0.3861348832881019,23.38095238095238,42,ZB23.R32
o12,-1201,-1.2005057659574465e6,1.2845122097238983,20.655319148932207,47,ZB23.R32
o12,-1202,-1.2014978081632657e6,1.2302696875412595,20.66122448979877,49,ZB23.R32
o12,-1203,-1.2024952125000001e6,1.6208956181249246,20.608333333332364,48,ZB23.R32
o12,-1204,-1.20349707755102e6,1.557040416937056,20.6367346938766,49,ZB23.R32
o12,-1205,-1.204493875e6,1.7112933219476973,20.39999999999903,48,ZB23.R32
o2,-1201,-1.2004954208333332e6,1.284948263043183,20.641666666667636,48,ZB23.R32
o2,-1202,-1.2014978734693879e6,1.2170060533339466,20.644897959180824,49,ZB23.R32
o2,-1203,-1.2024952625e6,1.634729605710542,20.608333333337214,48,ZB23.R32
o2,-1204,-1.203497085714286e6,1.5712539042983953,20.653061224489797,49,ZB23.R32
o2,-1205,-1.2044937958333334e6,1.7799994877149306,20.40833333333042,48,ZB23.R32
o3,-1201,-1.2005007517241382e6,0.368877834649793,17.337931034484363,58,ZB23.R32
o3,-1202,-1.2015008631578945e6,0.3921411064315321,17.375438596489595,57,ZB23.R32
o3,-1203,-1.2025012482758618e6,0.3991170930624851,17.379310344827587,58,ZB23.R32
o3,-1204,-1.203500649122807e6,0.3927312293694608,17.354385964915547,57,ZB23.R32
o3,-1205,-1.2044940101694914e6,0.34583967231199925,17.050847457627118,59,ZB23.R32
p,-1201,-1.2005120493150686e6,1.4471984080635178,13.58904109589041,73,ZB23.R32
p,-1202,-1.2015050845070418e6,1.2149352315521216,14.045070422534556,71,ZB23.R32
p,-1203,-1.2025093805555552e6,1.3196686169301501,13.972222222222221,72,ZB23.R32
p,-1204,-1.203511622222222e6,1.6333404066467794,13.844444444445092,72,ZB23.R32
p,-1205,-1.2045017942028984e6,1.1348032640683572,14.347826086956522,69,ZB23.R32
p1,-1201,-1.2005062333333336e6,1.2272330131451423,15.048484848484144,66,ZB23.R32
p1,-1202,-1.2015002757575754e6,1.2475668429863636,15.048484848484144,66,ZB23.R32
p1,-1203,-1.2024948575757577e6,1.194094608680809,15.084848484849896,66,ZB23.R32
p1,-1204,-1.2034987323529415e6,1.360190238954153,14.805882352941861,68,ZB23.R32
p1,-1205,-1.2044976545454543e6,1.0837719188319674,15.078787878787173,66,ZB23.R32
p2,-1201,-1.200506313157895e6,1.1371950560880295,13.015789473683597,76,ZB23.R32
p2,-1202,-1.2015018103896102e6,0.8012012584991852,12.992207792209607,77,ZB23.R32
p2,-1203,-1.2025023480519487e6,0.9662721865327668,12.997402597400178,77,ZB23.R32
p2,-1204,-1.2035036701298687e6,1.370070236007337,13.012987012987013,77,ZB23.R32
p2,-1205,-1.20449725e6,0.5609691207357941,12.963157894739293,76,ZB23.R32
E,-1201,-1.2007509e6,0.8807364358645682,402.19999999995343,2,ZB23.R33
E,-1202,-1.2015561e6,1.1536785435009396,403.0,2,ZB23.R33
E,-1203,-1.202564e6,1.2869806061804157,403.200000000031,3,ZB23.R33
E,-1204,-1.2035711e6,1.1878294160564427,402.19999999995343,2,ZB23.R33
E,-1205,-1.2043742999999998e6,0.9090815286387038,401.0,2,ZB23.R33
e,-1201,-1.20051398e6,1.2398620300123837,92.76000000000931,10,ZB23.R33
e,-1202,-1.2015060909090908e6,1.7294592657480228,96.03636363635518,11,ZB23.R33
e,-1203,-1.20249716e6,1.2556362849622127,93.6,10,ZB23.R33
e,-1204,-1.203489509090909e6,1.6293894506033013,94.72727272727273,11,ZB23.R33
e,-1205,-1.20447882e6,1.3069582044280403,94.36000000000931,10,ZB23.R33
o1,-1201,-1.2005052095238096e6,0.7406307016039074,23.390476190479518,42,ZB23.R33
o1,-1202,-1.2014996604651161e6,0.7600747633087237,23.3953488372093,43,ZB23.R33
o1,-1203,-1.2025056465116278e6,0.7471886269696266,23.38604651162466,43,ZB23.R33
o1,-1204,-1.203499480952381e6,0.7465319996014514,23.38095238095238,42,ZB23.R33
o1,-1205,-1.204493153488372e6,0.7178030579984944,23.386046511630074,43,ZB23.R33
o12,-1201,-1.2005048291666666e6,1.2121547940045945,20.32499999999709,48,ZB23.R33
o12,-1202,-1.2014997583333333e6,1.173498883415838,21.033333333335275,48,ZB23.R33
o12,-1203,-1.202498302040816e6,1.2156727950240103,20.212244897957284,49,ZB23.R33
o12,-1204,-1.2035045541666662e6,1.0879048727374918,21.09166666666958,48,ZB23.R33
o12,-1205,-1.2045008448979591e6,1.2368106709554239,20.220408163266256,49,ZB23.R33
o2,-1201,-1.2005047541666667e6,1.2245281724235426,20.27499999999903,48,ZB23.R33
o2,-1202,-1.2014957520000003e6,1.0973174372133543,20.208000000002794,50,ZB23.R33
o2,-1203,-1.2024981918367348e6,1.283012634709062,20.253061224487894,49,ZB23.R33
o2,-1204,-1.2034982440000002e6,1.0190094451172413,20.2,50,ZB23.R33
o2,-1205,-1.2045008244897958e6,1.294630341725283,20.26122448979687,49,ZB23.R33
o3,-1201,-1.2005046175438594e6,0.7236608064960128,17.361403508769477,57,ZB23.R33
o3,-1202,-1.201505833898305e6,0.7541332494328575,17.064406779661805,59,ZB23.R33
o3,-1203,-1.2025018035087718e6,0.8157987605462932,17.34736842105345,57,ZB23.R33
o3,-1204,-1.2034999827586205e6,0.7858423288798477,17.358620689655975,58,ZB23.R33
o3,-1205,-1.204498350877193e6,0.8207775987531007,17.333333333333332,57,ZB23.R33
p,-1201,-1.2004956571428573e6,1.339932719455543,14.182857142857808,70,ZB23.R33
p,-1202,-1.2014937808219176e6,1.4046109063483365,13.841095890412873,73,ZB23.R33
p,-1203,-1.2025049217391305e6,1.420943834119557,14.353623188404447,69,ZB23.R33
p,-1204,-1.203490565714286e6,1.4128586194816308,14.262857142855813,70,ZB23.R33
p,-1205,-1.2044921746478875e6,1.3630672569534075,14.140845070422536,71,ZB23.R33
p1,-1201,-1.200493241791045e6,1.2127622543535328,14.88955223880736,67,ZB23.R33
p1,-1202,-1.2015013402985076e6,1.2941271369467475,15.026865671642486,67,ZB23.R33
p1,-1203,-1.202497728358209e6,1.3337142667163961,14.859701492535228,67,ZB23.R33
p1,-1204,-1.2034977848484851e6,1.2638909592915673,15.048484848487671,66,ZB23.R33
p1,-1205,-1.2044913393939398e6,1.3253946930927825,15.030303030303031,66,ZB23.R33
p2,-1201,-1.2005008000000007e6,0.7772063848957863,13.0,76,ZB23.R33
p2,-1202,-1.2014954103896085e6,1.0675506614216668,13.002597402596798,77,ZB23.R33
p2,-1203,-1.2024957714285727e6,0.7988059126052607,12.987012987012987,77,ZB23.R33
p2,-1204,-1.2034965454545466e6,1.020970824437161,12.997402597403202,77,ZB23.R33
p2,-1205,-1.2044962831168827e6,0.7904133755194908,12.981818181816367,77,ZB23.R33
E,-1201,-1.2006418e6,1.0161184896846018,405.19999999995343,2,ZB23.R34
E,-1202,-1.2014538e6,1.287993106495862,406.80000000004657,2,ZB23.R34
E,-1203,-1.2024726e6,1.3202530266463304,407.8666666666201,3,ZB23.R34
E,-1204,-1.2034917999999998e6,1.0979803685066338,407.20000000006985,2,ZB23.R34
E,-1205,-1.2043046e6,0.7610516938965468,405.5999999999767,2,ZB23.R34
e,-1201,-1.200560822222222e6,1.3408359946370316,97.20000000000518,9,ZB23.R34
e,-1202,-1.2015124727272727e6,1.0310753619381066,95.85454545455815,11,ZB23.R34
e,-1203,-1.2024974e6,1.2468798371583971,92.0,10,ZB23.R34
e,-1204,-1.2034975999999999e6,1.369107184317761,97.0909090909091,11,ZB23.R34
e,-1205,-1.2044968e6,1.5597496464277427,92.31999999999535,10,ZB23.R34
o1,-1201,-1.2005045069767442e6,0.3928227608988443,23.3953488372093,43,ZB23.R34
o1,-1202,-1.201498919047619e6,0.4051384811957815,23.399999999995565,42,ZB23.R34
o1,-1203,-1.2024931813953489e6,0.41685431927329675,23.386046511630074,43,ZB23.R34
o1,-1204,-1.2034986651162792e6,0.4232158551675837,23.37674418604543,43,ZB23.R34
o1,-1205,-1.2044919333333333e6,0.43455334611876045,23.333333333333332,42,ZB23.R34
o12,-1201,-1.200502529166667e6,0.9877581828534591,20.608333333337214,48,ZB23.R34
o12,-1202,-1.2015015795918365e6,1.8583382198573168,20.416326530610345,49,ZB23.R34
o12,-1203,-1.202494633333333e6,1.4963336516105967,20.633333333331393,48,ZB23.R34
o12,-1204,-1.2034963166666664e6,1.0410679670958694,21.10000000000097,48,ZB23.R34
o12,-1205,-1.2044998166666664e6,1.8118974364490799,20.70000000000194,48,ZB23.R34
o2,-1201,-1.2005023333333333e6,0.9998302371764217,20.5,48,ZB23.R34
o2,-1202,-1.2015017836734694e6,1.931084397482375,20.49795918367157,49,ZB23.R34
o2,-1203,-1.2024946875000002e6,1.5040701145934257,20.625,48,ZB23.R34
o2,-1204,-1.203500004e6,1.0360289164630905,20.28,50,ZB23.R34
o2,-1205,-1.2044998e6,1.7655909346753218,20.633333333331393,48,ZB23.R34
o3,-1201,-1.2005057389830505e6,0.21843919821092,16.996610169492314,59,ZB23.R34
o3,-1202,-1.2015055586206897e6,0.2715346254542779,17.28275862068805,58,ZB23.R34
o3,-1203,-1.2025012896551727e6,0.24524649467980336,16.979310344828388,58,ZB23.R34
o3,-1204,-1.2034943762711862e6,0.23349782394017948,16.96949152542294,59,ZB23.R34
o3,-1205,-1.2044951288135597e6,0.20506538471022,16.96949152542294,59,ZB23.R34
p,-1201,-1.2005197859154928e6,1.3199791817959983,13.983098591546673,71,ZB23.R34
p,-1202,-1.2015025159420292e6,1.3662652705793392,14.376811594202898,69,ZB23.R34
p,-1203,-1.2025084277777777e6,1.3570758771849978,14.033333333335273,72,ZB23.R34
p,-1204,-1.2034947399999995e6,1.4110972580569954,14.222857142855148,70,ZB23.R34
p,-1205,-1.204499869444444e6,1.568118923031629,13.79444444444703,72,ZB23.R34
p1,-1201,-1.200506632835821e6,1.1645527077384086,14.805970149253731,67,ZB23.R34
p1,-1202,-1.20149803880597e6,1.3586378938230765,14.80000000000139,67,ZB23.R34
p1,-1203,-1.2024963735294116e6,1.140734673844322,14.688235294118332,68,ZB23.R34
p1,-1204,-1.2035014558823532e6,1.2969632169749445,14.782352941175786,68,ZB23.R34
p1,-1205,-1.204500338235294e6,1.1115414799329595,14.676470588235293,68,ZB23.R34
p2,-1201,-1.200501597402597e6,0.8493684344519599,13.03376623376442,77,ZB23.R34
p2,-1202,-1.2015034805194794e6,0.6520170335434148,12.987012987012987,77,ZB23.R34
p2,-1203,-1.2025034077922085e6,0.9450745781059291,12.997402597403202,77,ZB23.R34
p2,-1204,-1.2035049246753254e6,0.8985280679895696,12.997402597403202,77,ZB23.R34
p2,-1205,-1.2044996236842114e6,1.2866492305828434,13.015789473683597,76,ZB23.R34
E,-1201,-1.2006919e6,0.629385948383522,404.19999999995343,2,ZB23.R35
E,-1202,-1.2014999e6,0.8622779879477045,403.80000000004657,2,ZB23.R35
E,-1203,-1.2025087333333332e6,0.9741216491406454,403.3333333333333,3,ZB23.R35
E,-1204,-1.2035164e6,0.8544796476174304,402.79999999993015,2,ZB23.R35
E,-1205,-1.2043215e6,0.610603407495794,402.20000000006985,2,ZB23.R35
e,-1201,-1.2005269111111113e6,1.491103005322979,101.73333333334368,9,ZB23.R35
e,-1202,-1.2014718599999999e6,1.9826361364361755,99.71999999999534,10,ZB23.R35
e,-1203,-1.2024861090909091e6,0.9737544362388594,92.87272727271457,11,ZB23.R35
e,-1204,-1.20348912e6,1.722475391654345,99.12000000001862,10,ZB23.R35
e,-1205,-1.20447512e6,1.5775550724743606,100.07999999998137,10,ZB23.R35
o1,-1201,-1.2005011023255812e6,0.2558293039959106,23.339534883723097,43,ZB23.R35
o1,-1202,-1.2015054465116279e6,0.25923898432243697,23.358139534881555,43,ZB23.R35
o1,-1203,-1.20249819047619e6,0.24979390364899393,23.35238095238206,42,ZB23.R35
o1,-1204,-1.2034908232558141e6,0.2528675537255781,23.339534883717683,43,ZB23.R35
o1,-1205,-1.204493888372093e6,0.24077164949696925,23.25581395348837,43,ZB23.R35
o12,-1201,-1.2004996166666665e6,1.7308726357838824,20.566666666665697,48,ZB23.R35
o12,-1202,-1.2014987387755103e6,1.560234194340153,20.644897959185574,49,ZB23.R35
o12,-1203,-1.2025077673469388e6,1.6403922600751502,20.514285714284764,49,ZB23.R35
o12,-1204,-1.2035051458333333e6,1.5052095980448754,20.608333333332364,48,ZB23.R35
o12,-1205,-1.2044941166666665e6,1.680088858124198,20.583333333333332,48,ZB23.R35
o2,-1201,-1.2004996624999999e6,1.7479992883682316,20.508333333336243,48,ZB23.R35
o2,-1202,-1.2014987469387758e6,1.562971358480392,20.644897959180824,49,ZB23.R35
o2,-1203,-1.2025077755102038e6,1.6833843479370774,20.514285714289514,49,ZB23.R35
o2,-1204,-1.2035051166666667e6,1.5254487563111037,20.616666666663757,48,ZB23.R35
o2,-1205,-1.2044941250000002e6,1.6805231948097707,20.55000000000291,48,ZB23.R35
o3,-1201,-1.2005025344827583e6,0.04856944497572373,17.0,58,ZB23.R35
o3,-1202,-1.201497894915254e6,0.06232894450629397,17.02372881356169,59,ZB23.R35
o3,-1203,-1.2025034203389832e6,0.07743546318019366,17.064406779661805,59,ZB23.R35
o3,-1204,-1.2035006724137932e6,0.06530451006176659,17.082758620686445,58,ZB23.R35
o3,-1205,-1.2044979614035087e6,0.06566208674964678,17.43859649122807,57,ZB23.R35
p,-1201,-1.200508104225352e6,1.3445298167759694,13.932394366196528,71,ZB23.R35
p,-1202,-1.2014954351351354e6,1.6086282107656444,13.594594594594595,74,ZB23.R35
p,-1203,-1.2025119072463773e6,1.1388405835832516,14.48115942028918,69,ZB23.R35
p,-1204,-1.2035095222222218e6,1.5212854865165306,13.755555555557496,72,ZB23.R35
p,-1205,-1.2044846246575345e6,1.3250870648152382,13.621917808217903,73,ZB23.R35
p1,-1201,-1.2005035044776117e6,1.1126596238213222,14.829850746266573,67,ZB23.R35
p1,-1202,-1.2015016000000003e6,1.2743739584966365,14.788235294119017,68,ZB23.R35
p1,-1203,-1.202506032352941e6,1.0809118272365776,14.676470588235293,68,ZB23.R35
p1,-1204,-1.2035028776119403e6,1.2406996537538613,14.782089552237416,67,ZB23.R35
p1,-1205,-1.2044929671641795e6,1.0914084063757623,14.829850746270047,67,ZB23.R35
p2,-1201,-1.200499605263158e6,0.926412953689223,13.12631578947491,76,ZB23.R35
p2,-1202,-1.2015003038961045e6,1.3685866785070762,13.054545454544849,77,ZB23.R35
p2,-1203,-1.2025029844155826e6,0.6094285274079859,12.992207792206584,77,ZB23.R35
p2,-1204,-1.203498028947368e6,1.2018412230037598,13.036842105263771,76,ZB23.R35
p2,-1205,-1.2044901552631576e6,1.0620769472719416,13.08947368421114,76,ZB23.R35
E,-1201,-1.2007438e6,1.082835936324773,406.39999999990687,2,ZB23.R36
E,-1202,-1.2015582999999998e6,1.3568431855918575,408.20000000006985,2,ZB23.R36
E,-1203,-1.2025805999999999e6,1.4861510077909175,408.93333333334886,3,ZB23.R36
E,-1204,-1.2036002e6,1.392119235312077,406.39999999990687,2,ZB23.R36
E,-1205,-1.204411e6,1.0485082820106448,404.4000000000233,2,ZB23.R36
e,-1201,-1.2004847399999998e6,0.9288551181492206,97.71999999999534,10,ZB23.R36
e,-1202,-1.2014993399999999e6,1.3071732716438516,99.24000000001396,10,ZB23.R36
e,-1203,-1.2025165272727273e6,1.3530192534997574,94.21818181817335,11,ZB23.R36
e,-1204,-1.2034858666666667e6,1.138977437150472,107.73333333334368,9,ZB23.R36
e,-1205,-1.20446756e6,1.1235852217390934,98.71999999999534,10,ZB23.R36
o1,-1201,-1.2005062714285713e6,0.29851332026142874,23.476190476190474,42,ZB23.R36
o1,-1202,-1.2015014604651164e6,0.33094860431524914,23.404651162788532,43,ZB23.R36
o1,-1203,-1.2025073720930235e6,0.33536397032770615,23.3953488372093,43,ZB23.R36
o1,-1204,-1.203501519047619e6,0.3166924715499616,23.38095238095238,42,ZB23.R36
o1,-1205,-1.2044955720930232e6,0.3304644767628533,23.42325581395782,43,ZB23.R36
o12,-1201,-1.2005061166666665e6,1.1626844130591711,20.64999999999903,48,ZB23.R36
o12,-1202,-1.2015033428571431e6,1.7801958472582613,20.595918367345988,49,ZB23.R36
o12,-1203,-1.2025043583333336e6,1.5983851384017642,20.666666666666668,48,ZB23.R36
o12,-1204,-1.2035032653061224e6,1.908786438449197,20.489795918367346,49,ZB23.R36
o12,-1205,-1.2045016333333333e6,1.1709025593114217,20.64999999999903,48,ZB23.R36
o2,-1201,-1.200506175e6,1.162425179299694,20.633333333331393,48,ZB23.R36
o2,-1202,-1.2015032938775506e6,1.8089039054552152,20.59591836735074,49,ZB23.R36
o2,-1203,-1.2025042666666666e6,1.593600780122201,20.64999999999903,48,ZB23.R36
o2,-1204,-1.2035032816326532e6,1.9698269369542698,20.489795918367346,49,ZB23.R36
o2,-1205,-1.2045016458333337e6,1.1594948113594137,20.625,48,ZB23.R36
o3,-1201,-1.200502659649123e6,0.2579371927906423,17.277192982456956,57,ZB23.R36
o3,-1202,-1.2014977103448273e6,0.26323706682387005,17.296551724137128,58,ZB23.R36
o3,-1203,-1.202500227586207e6,0.2621206740645087,17.296551724137128,58,ZB23.R36
o3,-1204,-1.2035034172413794e6,0.26807930929951396,17.275862068965516,58,ZB23.R36
o3,-1205,-1.2044964896551725e6,0.20235408722479262,16.993103448277466,58,ZB23.R36
p,-1201,-1.2004964085714286e6,1.3528476097371487,14.291428571427241,70,ZB23.R36
p,-1202,-1.201509971428572e6,1.5315777905855026,14.342857142857143,70,ZB23.R36
p,-1203,-1.2024975e6,1.4704469135838212,14.120000000001996,70,ZB23.R36
p,-1204,-1.2034956314285714e6,1.4314607430670798,14.325714285714952,70,ZB23.R36
p,-1205,-1.2044948115942029e6,1.410708972711921,14.353623188404447,69,ZB23.R36
p1,-1201,-1.2005025652173911e6,1.2255127948055387,14.510144927535556,69,ZB23.R36
p1,-1202,-1.2014984764705882e6,1.331413557512005,14.564705882354996,68,ZB23.R36
p1,-1203,-1.2024938985507244e6,1.251735194426975,14.510144927535556,69,ZB23.R36
p1,-1204,-1.203496388405797e6,1.3724333621310931,14.55072463768116,69,ZB23.R36
p1,-1205,-1.2044919235294117e6,1.2938582304981336,14.564705882351571,68,ZB23.R36
p2,-1201,-1.2004990289473685e6,0.6094991931039719,13.121052631578335,76,ZB23.R36
p2,-1202,-1.201503220779221e6,0.8999442705495275,13.049350649351254,77,ZB23.R36
p2,-1203,-1.2025005684210516e6,1.0131693779825652,13.031578947367196,76,ZB23.R36
p2,-1204,-1.203496579220779e6,0.63360338528468,13.002597402596798,77,ZB23.R36
p2,-1205,-1.2044906894736844e6,0.716161816038082,13.031578947370258,76,ZB23.R36
E,-1201,-1.2004218e6,0.5888779123680696,402.0,2,ZB23.R37
E,-1202,-1.2014298e6,0.8241339289789171,404.39999999998446,3,ZB23.R37
E,-1203,-1.2024439e6,0.8520421413306274,407.0,2,ZB23.R37
E,-1204,-1.2034633333333333e6,0.6974745660899008,408.0,3,ZB23.R37
E,-1205,-1.2044822999999998e6,0.4471972311860089,407.0,2,ZB23.R37
e,-1201,-1.2005104000000001e6,1.5357466153718924,93.5999999999873,11,ZB23.R37
e,-1202,-1.20150184e6,1.4495066172664839,93.36000000000931,10,ZB23.R37
e,-1203,-1.202492309090909e6,1.7424712702659966,95.81818181818181,11,ZB23.R37
e,-1204,-1.2035315636363635e6,1.774795296303447,93.2363636363721,11,ZB23.R37
e,-1205,-1.204479022222222e6,1.9471750593662966,95.28888888887337,9,ZB23.R37
o1,-1201,-1.2005028190476194e6,0.48063769385212846,23.485714285712067,42,ZB23.R37
o1,-1202,-1.2014988930232557e6,0.49624511630837576,23.423255813952405,43,ZB23.R37
o1,-1203,-1.2025060651162788e6,0.49190666656489324,23.42325581395782,43,ZB23.R37
o1,-1204,-1.203501085714286e6,0.5058157159478489,23.4095238095227,42,ZB23.R37
o1,-1205,-1.2044957906976745e6,0.5018942920779971,23.3953488372093,43,ZB23.R37
o12,-1201,-1.2005074897959186e6,0.9724521878515119,20.30204081632748,49,ZB23.R37
o12,-1202,-1.2015067541666667e6,1.3498246607830426,20.72499999999612,48,ZB23.R37
o12,-1203,-1.202501069387755e6,1.7140174601376297,20.63673469388135,49,ZB23.R37
o12,-1204,-1.2035064041666663e6,1.1728915488324796,20.708333333333332,48,ZB23.R37
o12,-1205,-1.204497366666666e6,1.8115268953937853,20.666666666666668,48,ZB23.R37
o2,-1201,-1.2005074122448978e6,1.0103335547788082,20.3265306122449,49,ZB23.R37
o2,-1202,-1.2014993265306123e6,1.3200059355040177,20.253061224487894,49,ZB23.R37
o2,-1203,-1.2025010653061229e6,1.7383737935444212,20.644897959185574,49,ZB23.R37
o2,-1204,-1.203506266666667e6,1.1693667638241314,20.716666666664725,48,ZB23.R37
o2,-1205,-1.204497383333333e6,1.784556252322252,20.633333333331393,48,ZB23.R37
o3,-1201,-1.2005124551724142e6,0.3275975228871203,17.07586206896391,58,ZB23.R37
o3,-1202,-1.2015004344827584e6,0.34032218559750516,17.020689655175627,58,ZB23.R37
o3,-1203,-1.2024960915254236e6,0.3307597253267305,17.023728813557742,59,ZB23.R37
o3,-1204,-1.2035003220338977e6,0.3435912073947749,17.023728813557742,59,ZB23.R37
o3,-1205,-1.2044958103448276e6,0.29835670439613937,17.041379310347235,58,ZB23.R37
p,-1201,-1.2005059239436626e6,1.2611890758045674,14.07887323943793,71,ZB23.R37
p,-1202,-1.2014934138888891e6,1.2396293894803696,13.961111111110464,72,ZB23.R37
p,-1203,-1.2025114083333332e6,1.3555550897749304,13.838888888887595,72,ZB23.R37
p,-1204,-1.2035030864864863e6,1.4096073204624922,13.50270270270522,74,ZB23.R37
p,-1205,-1.2045045513513514e6,1.3960879378369915,13.394594594593965,74,ZB23.R37
p1,-1201,-1.2004985030303034e6,1.1462758938188213,15.054545454546865,66,ZB23.R37
p1,-1202,-1.201501937313433e6,1.1099827501294548,15.11044776119264,67,ZB23.R37
p1,-1203,-1.2025046e6,1.2304591929874447,15.042424242424948,66,ZB23.R37
p1,-1204,-1.2034998727272728e6,1.109426513772701,15.127272727271317,66,ZB23.R37
p1,-1205,-1.2044946515151523e6,1.1476704125287045,15.036363636365753,66,ZB23.R37
p2,-1201,-1.2005002259740254e6,0.9136898311223971,12.992207792206584,77,ZB23.R37
p2,-1202,-1.2015019168831161e6,0.9181753650017417,12.997402597403202,77,ZB23.R37
p2,-1203,-1.2025029142857143e6,1.092542733861161,13.007792207793416,77,ZB23.R37
p2,-1204,-1.2035042389610386e6,1.2677008555993543,12.997402597400178,77,ZB23.R37
p2,-1205,-1.2044989552631592e6,1.262305176927151,13.005263157896575,76,ZB23.R37
E,-1201,-1.2005692999999998e6,1.075347701990403,405.79999999993015,2,ZB23.R38
E,-1202,-1.2015862e6,1.5190848477048624,407.60000000001554,3,ZB23.R38
E,-1203,-1.2026059e6,1.6774193712015308,407.80000000004657,2,ZB23.R38
E,-1204,-1.2034198e6,1.5620469374383898,406.0,2,ZB23.R38
E,-1205,-1.2042298e6,1.1987044759827736,404.0,2,ZB23.R38
e,-1201,-1.2005338e6,1.129868916843574,96.88000000000466,10,ZB23.R38
e,-1202,-1.2014781199999999e6,0.762843545279369,94.95999999998602,10,ZB23.R38
e,-1203,-1.20245212e6,1.553673406098734,104.96000000000932,10,ZB23.R38
e,-1204,-1.2035333400000003e6,0.6861998085378881,100.68000000000465,10,ZB23.R38
e,-1205,-1.20452194e6,1.3399166477223214,97.31999999999535,10,ZB23.R38
o1,-1201,-1.2004968904761905e6,0.3540781340582829,23.399999999995565,42,ZB23.R38
o1,-1202,-1.2014918651162793e6,0.36303850456767356,23.413953488373178,43,ZB23.R38
o1,-1203,-1.2024980790697674e6,0.3749666325834496,23.3953488372093,43,ZB23.R38
o1,-1204,-1.2035039720930231e6,0.36269233392688655,23.386046511630074,43,ZB23.R38
o1,-1205,-1.2044979047619049e6,0.3447696376504287,23.4095238095227,42,ZB23.R38
o12,-1201,-1.200505466666667e6,1.6879314877394718,20.60000000000097,48,ZB23.R38
o12,-1202,-1.2015031224489799e6,1.4059145584753368,20.62857142857238,49,ZB23.R38
o12,-1203,-1.2025028500000003e6,1.5993092413862753,20.616666666663757,48,ZB23.R38
o12,-1204,-1.2034998653061225e6,1.6189506586662477,20.546938775511155,49,ZB23.R38
o12,-1205,-1.2044985916666666e6,1.4126547144606352,20.566666666665697,48,ZB23.R38
o2,-1201,-1.2005054416666667e6,1.6872378043610208,20.583333333333332,48,ZB23.R38
o2,-1202,-1.2015031224489796e6,1.4033281253273509,20.612244897959183,49,ZB23.R38
o2,-1203,-1.2025028583333332e6,1.6035948230871497,20.616666666668607,48,ZB23.R38
o2,-1204,-1.2034998244897958e6,1.6516306658960662,20.546938775511155,49,ZB23.R38
o2,-1205,-1.2044985083333333e6,1.4243471727088932,20.566666666665697,48,ZB23.R38
o3,-1201,-1.2005056241379308e6,0.36414324159428046,17.01379310344908,58,ZB23.R38
o3,-1202,-1.201499549152542e6,0.3675393139463191,17.050847457627118,59,ZB23.R38
o3,-1203,-1.2024966379310344e6,0.38885300497285047,17.110344827588616,58,ZB23.R38
o3,-1204,-1.2035069966101698e6,0.36510328837456957,17.12542372881198,59,ZB23.R38
o3,-1205,-1.2044960561403506e6,0.36047630114168855,17.23508771929661,57,ZB23.R38
p,-1201,-1.2005014571428571e6,1.4566538174167727,14.342857142857143,70,ZB23.R38
p,-1202,-1.2015065188405798e6,1.3340718275041734,14.324637681161445,69,ZB23.R38
p,-1203,-1.202499885714286e6,1.5436479003872192,14.31999999999867,70,ZB23.R38
p,-1204,-1.2035004028571432e6,1.393711253796824,14.291428571430567,70,ZB23.R38
p,-1205,-1.2044898338028162e6,1.3628209638375057,13.92112676056207,71,ZB23.R38
p1,-1201,-1.200506017647059e6,1.4182277088301931,14.799999999998631,68,ZB23.R38
p1,-1202,-1.2015061176470588e6,1.297090096070156,14.705882352941176,68,ZB23.R38
p1,-1203,-1.202504023880597e6,1.4098771688697211,14.78208955224089,67,ZB23.R38
p1,-1204,-1.203498431884058e6,1.3977560850563304,14.556521739129085,69,ZB23.R38
p1,-1205,-1.2044937731343282e6,1.2112066372713812,14.698507462687262,67,ZB23.R38
p2,-1201,-1.2004997078947364e6,0.688010929579319,13.015789473683597,76,ZB23.R38
p2,-1202,-1.2014939714285715e6,0.4975366195775725,12.992207792206584,77,ZB23.R38
p2,-1203,-1.2024973454545457e6,0.960989117111486,13.03896103896104,77,ZB23.R38
p2,-1204,-1.2034983973684208e6,0.4476459036744297,13.121052631578335,76,ZB23.R38
p2,-1205,-1.2044924921052628e6,0.8926899213339151,13.047368421053857,76,ZB23.R38
E,-1201,-1.2007535e6,0.9142976931206275,407.0,2,ZB23.R39
E,-1202,-1.2015696e6,1.1462891009412008,408.79999999993015,2,ZB23.R39
E,-1203,-1.2025908666666667e6,1.2535023522413276,407.8666666666977,3,ZB23.R39
E,-1204,-1.2036073e6,1.1173215491550788,405.0,2,ZB23.R39
E,-1205,-1.2044153e6,0.7862464765259601,403.0,2,ZB23.R39
e,-1201,-1.2005018e6,0.7291450955774459,98.95999999998602,10,ZB23.R39
e,-1202,-1.20151078e6,1.6810594341831808,100.52000000001863,10,ZB23.R39
e,-1203,-1.2024486222222222e6,1.370731992563852,102.31111111109041,9,ZB23.R39
e,-1204,-1.20350688e6,1.1621890369682482,109.36000000000931,10,ZB23.R39
e,-1205,-1.2044524000000001e6,1.6907062397457464,99.28888888889924,9,ZB23.R39
o1,-1201,-1.2005054837209303e6,0.26787244683354167,23.246511627909143,43,ZB23.R39
o1,-1202,-1.2014984523809527e6,0.3018690748536986,23.361904761903652,42,ZB23.R39
o1,-1203,-1.2024911906976744e6,0.2948813977782311,23.3674418604662,43,ZB23.R39
o1,-1204,-1.203495665116279e6,0.29758958437786515,23.348837209302324,43,ZB23.R39
o1,-1205,-1.2044880714285716e6,0.2831564082177081,23.38095238095238,42,ZB23.R39
o12,-1201,-1.2005106999999997e6,1.1732348878415457,20.69999999999709,48,ZB23.R39
o12,-1202,-1.2015025833333328e6,1.6312263346535192,20.65000000000388,48,ZB23.R39
o12,-1203,-1.2025033836734695e6,1.4382733162192762,20.62857142856763,49,ZB23.R39
o12,-1204,-1.203503675e6,1.5657660477801543,20.55000000000291,48,ZB23.R39
o12,-1205,-1.2044927416666665e6,1.897402771843583,20.633333333331393,48,ZB23.R39
o2,-1201,-1.2005108083333333e6,1.1509909054107925,20.666666666666668,48,ZB23.R39
o2,-1202,-1.2015025583333333e6,1.6295362798402495,20.65000000000388,48,ZB23.R39
o2,-1203,-1.202503326530612e6,1.4574437106452263,20.595918367345988,49,ZB23.R39
o2,-1204,-1.2035037874999999e6,1.6023072110706764,20.57499999999709,48,ZB23.R39
o2,-1205,-1.2044927000000002e6,1.9005572754866111,20.616666666668607,48,ZB23.R39
o3,-1201,-1.2005041137931035e6,0.23842795761849322,17.262068965516438,58,ZB23.R39
o3,-1202,-1.2015056758620692e6,0.24080842777849631,17.255172413793908,58,ZB23.R39
o3,-1203,-1.2025061551724137e6,0.28050960650642154,17.275862068965516,58,ZB23.R39
o3,-1204,-1.2034999614035084e6,0.30710519989730234,17.284210526314972,57,ZB23.R39
o3,-1205,-1.2044940999999999e6,0.2688825803420435,17.303448275863676,58,ZB23.R39
p,-1201,-1.2004962231884052e6,1.2331921637019947,14.278260869564543,69,ZB23.R39
p,-1202,-1.2015007671232878e6,1.5215805327112553,13.764383561644474,73,ZB23.R39
p,-1203,-1.2024907416666667e6,1.4374620684166168,13.827777777775838,72,ZB23.R39
p,-1204,-1.2034975833333335e6,1.3146855363978283,14.0,72,ZB23.R39
p,-1205,-1.2044864422535214e6,1.5738458201473902,13.909859154930889,71,ZB23.R39
p1,-1201,-1.200502585294118e6,1.1193036886523227,14.5,68,ZB23.R39
p1,-1202,-1.201493182352941e6,1.2346849172471608,14.764705882352942,68,ZB23.R39
p1,-1203,-1.2024994811594202e6,1.2263297208585568,14.521739130434783,69,ZB23.R39
p1,-1204,-1.2035011768115945e6,1.1907714613565885,14.504347826087631,69,ZB23.R39
p1,-1205,-1.2044933880597015e6,1.22024310657388,14.764179104476916,67,ZB23.R39
p2,-1201,-1.20050735e6,0.5022597799489944,13.131578947368421,76,ZB23.R39
p2,-1202,-1.201503684210526e6,1.2215390651917684,13.063157894737454,76,ZB23.R39
p2,-1203,-1.2024966026315792e6,0.9489980727298442,13.08947368421114,76,ZB23.R39
p2,-1204,-1.2034990805194804e6,0.7764397030800814,13.111688311689521,77,ZB23.R39
p2,-1205,-1.2044984657894734e6,1.1902134251860743,13.036842105260707,76,ZB23.R39
E,-1201,-1.2004745e6,0.6812207147725428,402.20000000006985,2,ZB23.R40
E,-1202,-1.2014815999999999e6,0.9826222243493309,403.4666666666356,3,ZB23.R40
E,-1203,-1.2024912999999998e6,1.0767357241833928,404.20000000006985,2,ZB23.R40
E,-1204,-1.2035020666666667e6,0.9486592256811015,404.1333333333023,3,ZB23.R40
E,-1205,-1.2045116e6,0.6448383232822473,403.5999999999767,2,ZB23.R40
e,-1201,-1.2005442400000002e6,1.5106803242841125,95.44000000001397,10,ZB23.R40
e,-1202,-1.20148904e6,1.554789233289673,92.88000000000466,10,ZB23.R40
e,-1203,-1.2024835090909088e6,1.5814952516415033,95.96363636362366,11,ZB23.R40
e,-1204,-1.2035242909090908e6,1.488520323260085,93.01818181817758,11,ZB23.R40
e,-1205,-1.2045178e6,1.7100306342279143,95.76000000000931,10,ZB23.R40
o1,-1201,-1.2005079116279068e6,0.7619116211975072,23.413953488373178,43,ZB23.R40
o1,-1202,-1.2015031904761905e6,0.7969809003864619,23.4095238095227,42,ZB23.R40
o1,-1203,-1.2024981023255812e6,0.7841655248238667,23.404651162788532,43,ZB23.R40
o1,-1204,-1.203504465116279e6,0.7783019722892188,23.404651162793947,43,ZB23.R40
o1,-1205,-1.2044986047619043e6,0.7476582994898515,23.361904761903652,42,ZB23.R40
o12,-1201,-1.2005098750000002e6,1.212628357777132,20.60000000000097,48,ZB23.R40
o12,-1202,-1.2014990040816325e6,1.2795568392027352,20.6367346938766,49,ZB23.R40
o12,-1203,-1.2024963333333333e6,1.6405242425720843,20.69999999999709,48,ZB23.R40
o12,-1204,-1.2035138530612243e6,1.1897850989058363,20.60408163265496,49,ZB23.R40
o12,-1205,-1.2044907347826085e6,1.410153185534067,21.121739130436808,46,ZB23.R40
o2,-1201,-1.2005008653061225e6,1.1968398914585816,20.22857142857048,49,ZB23.R40
o2,-1202,-1.201503312e6,1.2140295586087295,20.192000000001862,50,ZB23.R40
o2,-1203,-1.2025051795918366e6,1.6441072163800179,20.253061224487894,49,ZB23.R40
o2,-1204,-1.2034945959183676e6,1.2119707762118725,20.22857142857048,49,ZB23.R40
o2,-1205,-1.204483675e6,1.3316040592851108,20.616666666668607,48,ZB23.R40
o3,-1201,-1.2005068068965517e6,0.36755607132927637,17.03448275862069,58,ZB23.R40
o3,-1202,-1.2015018576271185e6,0.41367707619295957,17.016949152542374,59,ZB23.R40
o3,-1203,-1.2025051491525418e6,0.397789298089327,16.996610169492314,59,ZB23.R40
o3,-1204,-1.2034998103448276e6,0.4026909477437316,17.0,58,ZB23.R40
o3,-1205,-1.2044939830508472e6,0.3736570653864589,17.010169491527,59,ZB23.R40
p,-1201,-1.2005043485714283e6,1.4207679606142776,14.159999999999334,70,ZB23.R40
p,-1202,-1.2015016888888888e6,1.3635655458458134,13.900000000000647,72,ZB23.R40
p,-1203,-1.2025038000000003e6,1.322914439324626,13.943661971830986,71,ZB23.R40
p,-1204,-1.2034915888888885e6,1.3040977412962076,13.877777777777132,72,ZB23.R40
p,-1205,-1.204496177464789e6,1.525497146672117,14.135211267606946,71,ZB23.R40
p1,-1201,-1.2005039343283582e6,1.2179385177142552,14.805970149253731,67,ZB23.R40
p1,-1202,-1.2014965910447761e6,1.088306911584111,14.9134328358202,67,ZB23.R40
p1,-1203,-1.2024978818181814e6,1.2065134196566525,15.024242424243836,66,ZB23.R40
p1,-1204,-1.2035002955223878e6,1.0865673779134077,15.122388059700798,67,ZB23.R40
p1,-1205,-1.2045054686567162e6,1.2601782978342904,14.794029850745574,67,ZB23.R40
p2,-1201,-1.2004995526315805e6,0.9830493407542688,13.010526315790086,76,ZB23.R40
p2,-1202,-1.201494529870129e6,1.1085363272836566,13.007792207790393,77,ZB23.R40
p2,-1203,-1.2024958935064923e6,0.9845709391668023,13.002597402596798,77,ZB23.R40
p2,-1204,-1.2034970597402607e6,1.0441094119956709,12.997402597403202,77,ZB23.R40
p2,-1205,-1.2044978545454536e6,1.134519776237296,12.997402597403202,77,ZB23.R40
E,-1201,-1.2006881e6,1.1300293763174047,406.19999999995343,2,ZB23.R41
E,-1202,-1.2015008e6,1.5308453513758549,406.4000000000233,2,ZB23.R41
E,-1203,-1.2025171333333333e6,1.7065633728823772,406.5333333333644,3,ZB23.R41
E,-1204,-1.2035326e6,1.5111123932581965,405.5999999999767,2,ZB23.R41
E,-1205,-1.2043427e6,1.0872790739065497,404.5999999999767,2,ZB23.R41
e,-1201,-1.2005375e6,1.2265795575249436,94.91999999999534,10,ZB23.R41
e,-1202,-1.20151322e6,0.9209595327747782,103.0,10,ZB23.R41
e,-1203,-1.20252044e6,1.0110182871665463,95.91999999999534,10,ZB23.R41
e,-1204,-1.20350422e6,0.9620658393493869,103.08000000000466,10,ZB23.R41
e,-1205,-1.204457111111111e6,1.3839034856687844,96.71111111112663,9,ZB23.R41
o1,-1201,-1.2004979428571428e6,0.4624577342019891,23.447619047620158,42,ZB23.R41
o1,-1202,-1.2014936837209305e6,0.47888135102103235,23.423255813952405,43,ZB23.R41
o1,-1203,-1.202500758139535e6,0.4846920289637955,23.413953488373178,43,ZB23.R41
o1,-1204,-1.2035073906976746e6,0.4813937900271617,23.413953488373178,43,ZB23.R41
o1,-1205,-1.2045021523809524e6,0.4767942079253735,23.4095238095227,42,ZB23.R41
o12,-1201,-1.2004967208333334e6,1.5626596928774765,20.591666666664725,48,ZB23.R41
o12,-1202,-1.2014967551020412e6,1.5613182222393749,20.53061224489796,49,ZB23.R41
o12,-1203,-1.2025059234042554e6,1.1093082475786222,21.106382978723403,47,ZB23.R41
o12,-1204,-1.2034981755102042e6,1.3596164708085532,20.62857142857238,49,ZB23.R41
o12,-1205,-1.2044953499999999e6,1.4755311447241464,20.633333333336243,48,ZB23.R41
o2,-1201,-1.2004967916666667e6,1.5772213757670004,20.60000000000097,48,ZB23.R41
o2,-1202,-1.2014967387755103e6,1.585364129840431,20.514285714284764,49,ZB23.R41
o2,-1203,-1.2024980041666664e6,1.0717995348658054,20.67500000000291,48,ZB23.R41
o2,-1204,-1.2034982408163266e6,1.3539736353834748,20.612244897959183,49,ZB23.R41
o2,-1205,-1.2044953958333333e6,1.4727740740337893,20.625,48,ZB23.R41
o3,-1201,-1.200503445614035e6,0.5832603060514673,17.319298245617304,57,ZB23.R41
o3,-1202,-1.201498651724138e6,0.5568773205587231,17.31724137930874,58,ZB23.R41
o3,-1203,-1.2025028172413788e6,0.5616818549868514,17.289655172414594,58,ZB23.R41
o3,-1204,-1.203505403448276e6,0.5328849821859167,17.30344827585966,58,ZB23.R41
o3,-1205,-1.2044998701754385e6,0.5597691354527092,17.228070175438596,57,ZB23.R41
p,-1201,-1.2005056885714289e6,1.352728279438363,14.062857142855812,70,ZB23.R41
p,-1202,-1.2014938171428572e6,1.4869777109895215,14.377142857141527,70,ZB23.R41
p,-1203,-1.2025010138888888e6,1.2905554196622948,13.872222222222868,72,ZB23.R41
p,-1204,-1.203503144927536e6,1.4681318253546012,14.591304347826762,69,ZB23.R41
p,-1205,-1.2044984695652172e6,1.4807090821704967,14.23768115941894,69,ZB23.R41
p1,-1201,-1.200500255882353e6,1.160406801314592,14.476470588233925,68,ZB23.R41
p1,-1202,-1.2014937499999998e6,1.484300242528244,14.805882352941861,68,ZB23.R41
p1,-1203,-1.2025055470588235e6,1.23413354617949,14.694117647058139,68,ZB23.R41
p1,-1204,-1.2034996352941177e6,1.4660831225426154,14.800000000002054,68,ZB23.R41
p1,-1205,-1.2045040656716416e6,1.2624104274347125,14.686567164179104,67,ZB23.R41
p2,-1201,-1.2004994999999998e6,0.8266056238276437,13.063157894737454,76,ZB23.R41
p2,-1202,-1.2014987740259743e6,0.6105930639018755,13.111688311689521,77,ZB23.R41
p2,-1203,-1.2025022447368426e6,0.7055084625703874,13.078947368421053,76,ZB23.R41
p2,-1204,-1.2034956710526312e6,0.5673022024186113,13.110526315788249,76,ZB23.R41
p2,-1205,-1.2044976233766233e6,0.902833059607444,13.04415584415766,77,ZB23.R41
E,-1201,-1.2006814e6,0.9631676607518005,403.20000000006985,2,ZB23.R42
E,-1202,-1.2014895e6,1.2195348487962998,405.0,2,ZB23.R42
E,-1203,-1.202505e6,1.2785201388227716,406.799999999969,3,ZB23.R42
E,-1204,-1.2035214e6,1.1449582598694024,406.0,2,ZB23.R42
E,-1205,-1.2043314e6,0.8858758159094062,404.0,2,ZB23.R42
e,-1201,-1.2005418599999999e6,1.0365447142846462,103.23999999999069,10,ZB23.R42
e,-1202,-1.20152574e6,1.3144384412328693,97.31999999999535,10,ZB23.R42
e,-1203,-1.20249768e6,1.3345332726247319,95.6,10,ZB23.R42
e,-1204,-1.2034823555555558e6,1.5652945536183653,113.95555555556591,9,ZB23.R42
e,-1205,-1.2044387555555557e6,1.3002939081466465,98.48888888887853,9,ZB23.R42
o1,-1201,-1.2005126714285715e6,0.301562063754937,23.419047619049838,42,ZB23.R42
o1,-1202,-1.201506934883721e6,0.3107656406644564,23.37674418604543,43,ZB23.R42
o1,-1203,-1.2025000285714287e6,0.30637186599337973,23.37142857143079,42,ZB23.R42
o1,-1204,-1.2034933023255812e6,0.31107669975551994,23.3674418604662,43,ZB23.R42
o1,-1205,-1.2044974465116279e6,0.31781513227367547,23.320930232553806,43,ZB23.R42
o12,-1201,-1.2005067795918367e6,1.701419222934397,20.612244897959183,49,ZB23.R42
o12,-1202,-1.2015056041666665e6,1.520085557877234,20.658333333335275,48,ZB23.R42
o12,-1203,-1.2024973416666663e6,1.699330664720289,20.616666666663757,48,ZB23.R42
o12,-1204,-1.2034951265306121e6,1.5620062784817652,20.60408163265496,49,ZB23.R42
o12,-1205,-1.2044962499999998e6,1.415302561972774,20.666666666666668,48,ZB23.R42
o2,-1201,-1.200506767346939e6,1.701745058406375,20.587755102037015,49,ZB23.R42
o2,-1202,-1.2015055791666666e6,1.5135148175755335,20.641666666667636,48,ZB23.R42
o2,-1203,-1.2024973791666667e6,1.7207492890190534,20.625,48,ZB23.R42
o2,-1204,-1.2034950653061224e6,1.5832161434669432,20.612244897959183,49,ZB23.R42
o2,-1205,-1.2044962374999998e6,1.3929141423988798,20.625,48,ZB23.R42
o3,-1201,-1.2005025931034482e6,0.3322570244875109,17.26896551723897,58,ZB23.R42
o3,-1202,-1.2014991263157895e6,0.3071338096543039,17.340350877195434,57,ZB23.R42
o3,-1203,-1.2024950448275858e6,0.34659712780343516,17.31724137930874,58,ZB23.R42
o3,-1204,-1.2035004275862074e6,0.3210294840864922,17.337931034484363,58,ZB23.R42
o3,-1205,-1.2044966736842105e6,0.30884833638368375,17.3052631578931,57,ZB23.R42
p,-1201,-1.2005086338028174e6,1.276385701342758,14.045070422534556,71,ZB23.R42
p,-1202,-1.20150207826087e6,1.4896710640480064,14.382608695650823,69,ZB23.R42
p,-1203,-1.20250042739726e6,1.4531973900079396,13.841095890412873,73,ZB23.R42
p,-1204,-1.2035024685714284e6,1.5345183886808746,14.159999999999334,70,ZB23.R42
p,-1205,-1.2044906771428573e6,1.3436518561946305,14.2,70,ZB23.R42
p1,-1201,-1.2004980676470592e6,1.1585133566373036,14.688235294118332,68,ZB23.R42
p1,-1202,-1.201501728358209e6,1.3637336437184275,14.788059701489757,67,ZB23.R42
p1,-1203,-1.2025007257142854e6,1.1485666341444,14.468571428572094,70,ZB23.R42
p1,-1204,-1.203505194029851e6,1.3661206418517475,14.78208955224089,67,ZB23.R42
p1,-1205,-1.2045026676470588e6,1.0990109830199912,14.676470588235293,68,ZB23.R42
p2,-1201,-1.2005029999999993e6,0.706762056362658,13.0,76,ZB23.R42
p2,-1202,-1.2014961610389615e6,0.8660552042651634,13.007792207793416,77,ZB23.R42
p2,-1203,-1.2025000649350646e6,1.0704887464739201,13.064935064935066,77,ZB23.R42
p2,-1204,-1.2035023289473683e6,0.9731094363290358,13.078947368421053,76,ZB23.R42
p2,-1205,-1.2044942578947367e6,0.8547237775664837,13.063157894737454,76,ZB23.R42
E,-1201,-1.2005972e6,0.6327145527915883,402.4000000000233,2,ZB23.R43
E,-1202,-1.2014045e6,0.7315212664400839,405.0,2,ZB23.R43
E,-1203,-1.2024205999999999e6,0.684496652314615,407.06666666665114,3,ZB23.R43
E,-1204,-1.2034352e6,0.5761778696997959,403.5999999999767,2,ZB23.R43
E,-1205,-1.2042379e6,0.4349614669645853,399.0,2,ZB23.R43
e,-1201,-1.2005511777777777e6,1.3014823974706493,99.24444444446515,9,ZB23.R43
e,-1202,-1.2014806363636362e6,1.3389308253624845,92.9090909090909,11,ZB23.R43
e,-1203,-1.2024844200000002e6,1.8014760842346251,95.47999999998137,10,ZB23.R43
e,-1204,-1.20348602e6,1.66106039468714,101.56000000000931,10,ZB23.R43
e,-1205,-1.2044875999999999e6,1.4209236756566357,99.03999999999068,10,ZB23.R43
o1,-1201,-1.2005029142857145e6,0.2800711359103141,23.371428571425245,42,ZB23.R43
o1,-1202,-1.201497334883721e6,0.26495081047456953,23.3953488372093,43,ZB23.R43
o1,-1203,-1.202503130232558e6,0.28051655721456836,23.376744186050843,43,ZB23.R43
o1,-1204,-1.2035085488372091e6,0.27168537376066765,23.38604651162466,43,ZB23.R43
o1,-1205,-1.2045017857142857e6,0.27462328772031774,23.304761904763012,42,ZB23.R43
o12,-1201,-1.200502855319149e6,0.8513104623538469,20.757446808507666,47,ZB23.R43
o12,-1202,-1.201495375510204e6,1.7847712628143741,20.66122448979877,49,ZB23.R43
o12,-1203,-1.2025034541666668e6,1.9075280360661748,20.77499999999903,48,ZB23.R43
o12,-1204,-1.2034946583333334e6,1.422215604332889,20.64999999999903,48,ZB23.R43
o12,-1205,-1.2044852249999999e6,1.850896234852305,20.666666666666668,48,ZB23.R43
o2,-1201,-1.2005027999999998e6,0.8235538466645952,20.73191489361504,47,ZB23.R43
o2,-1202,-1.2014954040816324e6,1.814552182333158,20.669387755102992,49,ZB23.R43
o2,-1203,-1.2025034708333332e6,1.88406883826774,20.758333333331393,48,ZB23.R43
o2,-1204,-1.2034946666666672e6,1.4335597870026844,20.666666666666668,48,ZB23.R43
o2,-1205,-1.2044851208333336e6,1.8018620181596716,20.59166666666958,48,ZB23.R43
o3,-1201,-1.2005068896551721e6,0.08772288567930771,16.95172413793023,58,ZB23.R43
o3,-1202,-1.2014999448275862e6,0.10141552386844235,17.28275862068805,58,ZB23.R43
o3,-1203,-1.2025029241379309e6,0.10254098114946493,17.296551724137128,58,ZB23.R43
o3,-1204,-1.2035049593220332e6,0.10144322231441756,16.983050847457626,59,ZB23.R43
o3,-1205,-1.204499055172414e6,0.09972014922425547,17.00689655172655,58,ZB23.R43
p,-1201,-1.200505428571428e6,1.205800092208459,14.205714285716281,70,ZB23.R43
p,-1202,-1.2015084999999998e6,1.313360917072938,13.637837837837209,74,ZB23.R43
p,-1203,-1.2025013815789467e6,1.631956068536499,13.078947368421053,76,ZB23.R43
p,-1204,-1.2035176027397264e6,1.3323677596179175,13.780821917808218,73,ZB23.R43
p,-1205,-1.2045039397260274e6,1.3863432522390373,13.468493150684294,73,ZB23.R43
p1,-1201,-1.2004981223880597e6,1.0531676024950989,14.811940298509548,67,ZB23.R43
p1,-1202,-1.2015016029850747e6,1.081477002046903,15.026865671642486,67,ZB23.R43
p1,-1203,-1.2025040696969696e6,0.9947595829329714,15.121212121212121,66,ZB23.R43
p1,-1204,-1.2034980575757578e6,1.058086915066354,15.036363636362225,66,ZB23.R43
p1,-1205,-1.2044925818181818e6,0.9357919536742296,15.090909090909092,66,ZB23.R43
p2,-1201,-1.2004998631578947e6,0.7920655223271137,13.07368421052754,76,ZB23.R43
p2,-1202,-1.2015043844155837e6,1.0333573694040443,13.122077922076713,77,ZB23.R43
p2,-1203,-1.2025013526315794e6,1.6312989776104685,13.042105263160346,76,ZB23.R43
p2,-1204,-1.2035031012987022e6,1.134930768783212,13.090909090909092,77,ZB23.R43
p2,-1205,-1.2044984319999984e6,1.1889324052422627,13.098666666665425,75,ZB23.R43
E,-1201,-1.2004323e6,0.06579382348958837,395.0,2,ZB23.R44
E,-1202,-1.201408e6,0.09512944420809254,388.26666666668217,3,ZB23.R44
E,-1203,-1.2025844000000001e6,0.20055116429151898,397.06666666665114,3,ZB23.R44
E,-1204,-1.2035831e6,0.2885390795641702,401.4000000000233,2,ZB23.R44
E,-1205,-1.2043874e6,0.27089917702821575,402.79999999993015,2,ZB23.R44
e,-1201,-1.2005164600000002e6,2.0274647399821837,98.84000000001397,10,ZB23.R44
e,-1202,-1.20149362e6,1.1964723655187774,93.95999999998602,10,ZB23.R44
e,-1203,-1.2024878727272728e6,1.8458836075342875,96.61818181818605,11,ZB23.R44
e,-1204,-1.20351858e6,1.6654711014036685,103.0,10,ZB23.R44
e,-1205,-1.2044898e6,1.7067765645279154,99.42222222222739,9,ZB23.R44
o1,-1201,-1.2005084476190475e6,0.24455078792052248,23.504761904760795,42,ZB23.R44
o1,-1202,-1.2015030883720932e6,0.249321687917932,23.386046511630074,43,ZB23.R44
o1,-1203,-1.2025084372093023e6,0.2601339662771833,23.3674418604662,43,ZB23.R44
o1,-1204,-1.2035013523809523e6,0.26075859668108514,23.371428571425245,42,ZB23.R44
o1,-1205,-1.2044947906976747e6,0.2565887598334584,23.404651162793947,43,ZB23.R44
o12,-1201,-1.2005104875e6,1.6451968408610513,20.708333333333332,48,ZB23.R44
o12,-1202,-1.2015038541666665e6,1.4378062919621535,20.691666666670546,48,ZB23.R44
o12,-1203,-1.2024954541666666e6,1.8126143742838619,20.67499999999806,48,ZB23.R44
o12,-1204,-1.203499248979592e6,1.829823866725825,20.6367346938766,49,ZB23.R44
o12,-1205,-1.2044995833333333e6,1.3350863810842124,20.666666666666668,48,ZB23.R44
o2,-1201,-1.2005105458333332e6,1.6296964478110905,20.691666666665697,48,ZB23.R44
o2,-1202,-1.2015038791666667e6,1.428319059422443,20.67499999999806,48,ZB23.R44
o2,-1203,-1.2024954541666668e6,1.8315352999372019,20.691666666665697,48,ZB23.R44
o2,-1204,-1.2034992612244892e6,1.8433232779125515,20.62857142857238,49,ZB23.R44
o2,-1205,-1.2044995500000003e6,1.323822260072073,20.633333333336243,48,ZB23.R44
o3,-1201,-1.200504420338983e6,0.10914979788335398,17.03050847457706,59,ZB23.R44
o3,-1202,-1.20150154137931e6,0.09670483483104657,17.027586206894142,58,ZB23.R44
o3,-1203,-1.2024992203389832e6,0.10935516898051074,17.084745762711865,59,ZB23.R44
o3,-1204,-1.2034973413793102e6,0.12244716402190253,17.06896551724138,58,ZB23.R44
o3,-1205,-1.2044871862068966e6,0.11040584802817088,17.186206896552527,58,ZB23.R44
p,-1201,-1.2005053315789476e6,1.5629186188432023,13.07368421052754,76,ZB23.R44
p,-1202,-1.2014885943661975e6,1.1419574265723387,14.090140845069111,71,ZB23.R44
p,-1203,-1.2025046337662337e6,1.4870140383511357,13.049350649351254,77,ZB23.R44
p,-1204,-1.2034919972972968e6,1.286416943320536,13.399999999998112,74,ZB23.R44
p,-1205,-1.2044955671232876e6,1.3111224094831357,13.556164383562919,73,ZB23.R44
p1,-1201,-1.2005036000000006e6,1.0264422711595123,15.042424242424948,66,ZB23.R44
p1,-1202,-1.2014980060606063e6,0.9978310206011239,15.078787878787173,66,ZB23.R44
p1,-1203,-1.202499850746269e6,0.9930194117662677,15.080597014927458,67,ZB23.R44
p1,-1204,-1.2035012787878788e6,1.0945506950153463,15.04242424242142,66,ZB23.R44
p1,-1205,-1.2044947212121212e6,1.129547174270148,15.01818181818464,66,ZB23.R44
p2,-1201,-1.2005053078947372e6,1.5377641948892093,13.068421052630967,76,ZB23.R44
p2,-1202,-1.201503903896104e6,0.769863399782027,12.992207792209607,77,ZB23.R44
p2,-1203,-1.2024982000000004e6,1.484235225811302,13.042105263157282,76,ZB23.R44
p2,-1204,-1.2034967792207787e6,1.0692698612763816,13.122077922076713,77,ZB23.R44
p2,-1205,-1.2045007736842106e6,1.0039165292575065,13.07368421052754,76,ZB23.R44
E,-1201,-1.2007094e6,0.5598750240698465,402.0,2,ZB23.R45
E,-1202,-1.2015158e6,0.7621766530921068,404.39999999990687,2,ZB23.R45
E,-1203,-1.2025294666666666e6,0.8305570646918475,406.1333333333799,3,ZB23.R45
E,-1204,-1.2035446e6,0.7323458176294226,405.5999999999767,2,ZB23.R45
E,-1205,-1.2043539e6,0.5372120085529221,403.80000000004657,2,ZB23.R45
e,-1201,-1.2004898800000004e6,1.3752486824106924,93.51999999999535,10,ZB23.R45
e,-1202,-1.2014900727272728e6,1.6144142497997764,97.96363636362366,11,ZB23.R45
e,-1203,-1.2024925799999996e6,1.6187315134629252,93.32000000001862,10,ZB23.R45
e,-1204,-1.20346434e6,1.3687493075671862,102.03999999999068,10,ZB23.R45
e,-1205,-1.20446004e6,1.8233769242208648,95.76000000000931,10,ZB23.R45
o1,-1201,-1.2005022285714287e6,0.3191133523466813,23.35238095238206,42,ZB23.R45
o1,-1202,-1.2014959023255813e6,0.3114018293323587,23.37674418604543,43,ZB23.R45
o1,-1203,-1.2025009581395348e6,0.3341558905616711,23.3674418604662,43,ZB23.R45
o1,-1204,-1.203505702325581e6,0.31535246020929236,23.3674418604662,43,ZB23.R45
o1,-1205,-1.2044983047619048e6,0.33146518202779046,23.35238095238206,42,ZB23.R45
o12,-1201,-1.2005053489361703e6,1.0757059383241478,20.80851063829787,47,ZB23.R45
o12,-1202,-1.201500048979592e6,1.9363470444712252,20.571428571428573,49,ZB23.R45
o12,-1203,-1.2025051083333336e6,1.202795571479992,20.833333333333332,48,ZB23.R45
o12,-1204,-1.203508555102041e6,1.9423148140068416,20.538775510202182,49,ZB23.R45
o12,-1205,-1.204498378723404e6,1.494179897180616,20.774468085104402,47,ZB23.R45
o2,-1201,-1.200505808510638e6,1.04943303569077,20.791489361701135,47,ZB23.R45
o2,-1202,-1.2015000081632652e6,1.9727832582244123,20.571428571428573,49,ZB23.R45
o2,-1203,-1.2025050583333336e6,1.17887448935361,20.816666666670546,48,ZB23.R45
o2,-1204,-1.2035085591836732e6,2.0102820689637197,20.5469387755064,49,ZB23.R45
o2,-1205,-1.2044983659574466e6,1.4467989961548222,20.731914893619994,47,ZB23.R45
o3,-1201,-1.2005082912280702e6,0.18180070963625136,17.256140350878827,57,ZB23.R45
o3,-1202,-1.2015005862068962e6,0.17182441748865898,17.26896551723897,58,ZB23.R45
o3,-1203,-1.2025023655172416e6,0.2047343038243916,17.268965517242986,58,ZB23.R45
o3,-1204,-1.203504096551724e6,0.20261099435392416,17.26896551723897,58,ZB23.R45
o3,-1205,-1.2044971789473682e6,0.16792341072377176,17.263157894736842,57,ZB23.R45
p,-1201,-1.2004878712328775e6,1.270173164427251,13.649315068491875,73,ZB23.R45
p,-1202,-1.2014995459459461e6,1.400645561572449,13.599999999998742,74,ZB23.R45
p,-1203,-1.2025030328767118e6,1.411034653352267,13.572602739726666,73,ZB23.R45
p,-1204,-1.2034907270270265e6,1.280666291546243,13.64864864864865,74,ZB23.R45
p,-1205,-1.2044981263157893e6,1.41208147288606,13.0,76,ZB23.R45
p1,-1201,-1.2004987194029854e6,0.9613506907380981,14.871641791043386,67,ZB23.R45
p1,-1202,-1.2015004507462687e6,1.1667968135177977,15.014925373134329,67,ZB23.R45
p1,-1203,-1.2025017060606058e6,1.029657197459426,15.121212121212121,66,ZB23.R45
p1,-1204,-1.203503331343284e6,1.1225393610390668,15.008955223881987,67,ZB23.R45
p1,-1205,-1.2045038606060608e6,0.9824625977506061,15.042424242424948,66,ZB23.R45
p2,-1201,-1.2005038311688318e6,1.0385251758861984,13.002597402599822,77,ZB23.R45
p2,-1202,-1.2014990526315775e6,1.1363200167927037,13.031578947367196,76,ZB23.R45
p2,-1203,-1.202493984415586e6,1.2618075375136701,12.997402597403202,77,ZB23.R45
p2,-1204,-1.2034983454545452e6,0.9217194618678095,13.106493506492901,77,ZB23.R45
p2,-1205,-1.204498086842104e6,1.43528713403932,13.005263157893511,76,ZB23.R45
E,-1201,-1.2006519000000001e6,0.692420192677681,401.4000000000233,2,ZB23.R46
E,-1202,-1.2014559000000001e6,0.9160586642645459,402.5999999999767,2,ZB23.R46
E,-1203,-1.2024632666666668e6,1.033221074730004,403.06666666665114,3,ZB23.R46
E,-1204,-1.2034707e6,0.9436936386019785,402.5999999999767,2,ZB23.R46
E,-1205,-1.2042747e6,0.7028010873919106,401.4000000000233,2,ZB23.R46
e,-1201,-1.2005415e6,1.5344347095261848,94.6,10,ZB23.R46
e,-1202,-1.20149596e6,1.9585380010038775,96.8,10,ZB23.R46
e,-1203,-1.2024940727272728e6,1.3895441467974377,93.45454545454545,11,ZB23.R46
e,-1204,-1.2034917599999998e6,1.7782096964730123,96.8,10,ZB23.R46
e,-1205,-1.2044911272727272e6,1.3716117678018407,92.80000000000423,11,ZB23.R46
o1,-1201,-1.2004994714285715e6,0.3426519043602004,23.476190476190474,42,ZB23.R46
o1,-1202,-1.2014946604651164e6,0.39574159994815594,23.404651162793947,43,ZB23.R46
o1,-1203,-1.2025005720930232e6,0.37811397299470617,23.3953488372093,43,ZB23.R46
o1,-1204,-1.203506269767442e6,0.3971903289821396,23.38604651162466,43,ZB23.R46
o1,-1205,-1.2045003952380957e6,0.37676764273197433,23.438095238098565,42,ZB23.R46
o12,-1201,-1.200495816666667e6,1.7510455377603484,20.583333333333332,48,ZB23.R46
o12,-1202,-1.201498718367347e6,1.120045423759305,20.70204081632463,49,ZB23.R46
o12,-1203,-1.2025087469387758e6,1.9644883874387469,20.46530612244993,49,ZB23.R46
o12,-1204,-1.20350795e6,0.960686075942681,20.71666666666958,48,ZB23.R46
o12,-1205,-1.2045000708333335e6,1.3779390493723025,20.608333333332364,48,ZB23.R46
o2,-1201,-1.2004958416666668e6,1.7826812436044275,20.566666666665697,48,ZB23.R46
o2,-1202,-1.2014986612244896e6,1.1130886669002305,20.718367346937825,49,ZB23.R46
o2,-1203,-1.20250873877551e6,2.0375635549761815,20.46530612244993,49,ZB23.R46
o2,-1204,-1.2035079583333337e6,0.9299161308882268,20.666666666666668,48,ZB23.R46
o2,-1205,-1.2045000958333334e6,1.3954574985875696,20.625,48,ZB23.R46
o3,-1201,-1.2005047684210525e6,0.2350693769479546,17.326315789475316,57,ZB23.R46
o3,-1202,-1.2015004413793103e6,0.2190762503315261,17.310344827586206,58,ZB23.R46
o3,-1203,-1.2025047689655174e6,0.26105117401266115,17.33103448275782,58,ZB23.R46
o3,-1204,-1.2035008912280705e6,0.2586097585636712,17.31929824561322,57,ZB23.R46
o3,-1205,-1.2044883368421055e6,0.21011134225286476,17.375438596489595,57,ZB23.R46
p,-1201,-1.2005098225352115e6,1.2150210004525277,13.876056338027514,71,ZB23.R46
p,-1202,-1.201492895890411e6,1.5701940057425756,13.758904109587766,73,ZB23.R46
p,-1203,-1.202490940845071e6,1.2908414395378998,14.084507042253522,71,ZB23.R46
p,-1204,-1.203513194444445e6,1.4866450220515697,13.944444444444445,72,ZB23.R46
p,-1205,-1.2044926142857145e6,1.2180461587395932,14.074285714288376,70,ZB23.R46
p1,-1201,-1.200502473846154e6,1.1581942291315255,15.076923076923077,65,ZB23.R46
p1,-1202,-1.2014969582089556e6,1.2973479507376373,15.026865671642486,67,ZB23.R46
p1,-1203,-1.2024993818181816e6,1.1966107202778653,15.127272727271317,66,ZB23.R46
p1,-1204,-1.2035011731343283e6,1.2857918641603803,15.026865671642486,67,ZB23.R46
p1,-1205,-1.2044955938461542e6,1.1030949665195615,15.101538461536313,65,ZB23.R46
p2,-1201,-1.2005012236842099e6,0.889482479550766,13.005263157893511,76,ZB23.R46
p2,-1202,-1.2014968675324686e6,1.290639107556262,13.018181818183633,77,ZB23.R46
p2,-1203,-1.2024986259740265e6,0.9067073698541405,13.012987012987013,77,ZB23.R46
p2,-1204,-1.2034999090909085e6,1.1269204057648725,13.012987012987013,77,ZB23.R46
p2,-1205,-1.204494957894738e6,0.8536240871836551,12.989473684209914,76,ZB23.R46
E,-1201,-1.2007792e6,0.7840423485356065,395.5999999999767,2,ZB23.R47
E,-1202,-1.2015711e6,0.9979046065483668,396.5999999999767,2,ZB23.R47
E,-1203,-1.2025666666666667e6,1.1912933375783048,399.73333333331783,3,ZB23.R47
E,-1204,-1.2035696e6,1.1825614863698215,402.4000000000233,2,ZB23.R47
E,-1205,-1.2043752e6,0.9100171661316467,403.19999999995343,2,ZB23.R47
e,-1201,-1.2005035800000003e6,1.3680546881934066,97.95999999998602,10,ZB23.R47
e,-1202,-1.2014938000000003e6,1.4655702369039627,100.88000000000466,10,ZB23.R47
e,-1203,-1.2024889600000002e6,1.714811997406149,96.4,10,ZB23.R47
e,-1204,-1.20348162e6,1.2686432345833645,101.4,10,ZB23.R47
e,-1205,-1.2044835e6,1.5756377537119586,100.2,10,ZB23.R47
o1,-1201,-1.2005086619047618e6,0.38183737695034314,23.457142857141747,42,ZB23.R47
o1,-1202,-1.2015039860465114e6,0.43182700680228303,23.413953488373178,43,ZB23.R47
o1,-1203,-1.2024990238095236e6,0.42834350827529816,23.399999999995565,42,ZB23.R47
o1,-1204,-1.203493288372093e6,0.43394234674298643,23.3953488372093,43,ZB23.R47
o1,-1205,-1.2044875857142857e6,0.4209380273058049,23.400000000001107,42,ZB23.R47
o12,-1201,-1.2005055e6,1.6096633510799758,20.583333333333332,48,ZB23.R47
o12,-1202,-1.2015055836734695e6,1.5012552256136273,20.58775510204177,49,ZB23.R47
o12,-1203,-1.2025044083333334e6,1.5535479393598417,20.633333333331393,48,ZB23.R47
o12,-1204,-1.2034933125000002e6,1.179908169634449,20.658333333335275,48,ZB23.R47
o12,-1205,-1.2044917142857146e6,1.5716705780811615,20.58775510204177,49,ZB23.R47
o2,-1201,-1.2005055791666666e6,1.6129306645806334,20.541666666666668,48,ZB23.R47
o2,-1202,-1.2015055959183674e6,1.527474295871452,20.595918367345988,49,ZB23.R47
o2,-1203,-1.2025044124999999e6,1.5594507917313658,20.641666666667636,48,ZB23.R47
o2,-1204,-1.203503632653061e6,1.166406888544253,20.6367346938766,49,ZB23.R47
o2,-1205,-1.2045019374999998e6,1.5751843243178332,20.558333333334303,48,ZB23.R47
o3,-1201,-1.2004965754385965e6,0.38823814342141955,17.445614035086084,57,ZB23.R47
o3,-1202,-1.201504308474576e6,0.3587199008662126,17.159322033900672,59,ZB23.R47
o3,-1203,-1.2025032793103447e6,0.46608442563096986,17.1103448275846,58,ZB23.R47
o3,-1204,-1.2034970526315789e6,0.43857069725360115,17.403508771929825,57,ZB23.R47
o3,-1205,-1.204497006896552e6,0.3384178657230445,17.255172413793908,58,ZB23.R47
p,-1201,-1.2005036760563375e6,1.3191767611950074,14.033802816903377,71,ZB23.R47
p,-1202,-1.2014983285714283e6,1.29016655175704,14.21142857142591,70,ZB23.R47
p,-1203,-1.20249098028169e6,1.446896890242581,14.016901408453327,71,ZB23.R47
p,-1204,-1.2035020628571426e6,1.4638729930483592,14.4,70,ZB23.R47
p,-1205,-1.204497312676056e6,1.3743562282071944,13.983098591546673,71,ZB23.R47
p1,-1201,-1.2005030575757574e6,1.1678888550597297,15.121212121212121,66,ZB23.R47
p1,-1202,-1.2014986181818182e6,1.2899087058122483,15.042424242424948,66,ZB23.R47
p1,-1203,-1.2025001134328358e6,1.2366827470411212,14.901492537312043,67,ZB23.R47
p1,-1204,-1.2034959522388058e6,1.4527738615124584,15.008955223881987,67,ZB23.R47
p1,-1205,-1.2044975484848483e6,1.3076392146771634,15.036363636362225,66,ZB23.R47
p2,-1201,-1.2005032236842108e6,0.8514472727089567,13.099999999998161,76,ZB23.R47
p2,-1202,-1.2014979657894736e6,0.8102286197587322,13.100000000001225,76,ZB23.R47
p2,-1203,-1.2024993220779218e6,1.0788395843004064,13.064935064935066,77,ZB23.R47
p2,-1204,-1.2035005789473683e6,0.734892289848419,13.09473684210465,76,ZB23.R47
p2,-1205,-1.2044957789473685e6,0.9248450640717889,13.07368421052754,76,ZB23.R47
E,-1201,-1.2005003e6,0.7934046089847888,406.5999999999767,2,ZB23.R48
E,-1202,-1.2015167333333334e6,1.137580095044829,406.799999999969,3,ZB23.R48
E,-1203,-1.2025347e6,1.2458189205369732,407.4000000000233,2,ZB23.R48
E,-1204,-1.2035515333333334e6,1.1045120302703855,406.0,3,ZB23.R48
E,-1205,-1.2045647e6,0.7417460187803382,404.5999999999767,2,ZB23.R48
e,-1201,-1.20050534e6,1.294411075850314,94.44000000001397,10,ZB23.R48
e,-1202,-1.2015085818181818e6,0.9250450792827433,91.70909090907398,11,ZB23.R48
e,-1203,-1.20249158e6,1.736708812602965,97.48000000000465,10,ZB23.R48
e,-1204,-1.2034960909090908e6,1.1423523695267483,92.9090909090909,11,ZB23.R48
e,-1205,-1.2044813199999998e6,1.6464537652145577,96.48000000000465,10,ZB23.R48
o1,-1201,-1.2005031809523809e6,0.48556069949742375,23.428571428571427,42,ZB23.R48
o1,-1202,-1.2014975674418602e6,0.5313578716403755,23.3953488372093,43,ZB23.R48
o1,-1203,-1.2025034325581398e6,0.5357829781817309,23.386046511630074,43,ZB23.R48
o1,-1204,-1.2035087674418604e6,0.5225476256611691,23.37674418604543,43,ZB23.R48
o1,-1205,-1.2045020047619047e6,0.5104805037050045,23.34285714286047,42,ZB23.R48
o12,-1201,-1.2004998382978726e6,1.1014699114592341,21.08936170212667,47,ZB23.R48
o12,-1202,-1.2014952204081635e6,1.0229142263098598,20.285714285714285,49,ZB23.R48
o12,-1203,-1.2024930489795916e6,1.7669754727784976,20.595918367345988,49,ZB23.R48
o12,-1204,-1.203483834042553e6,1.411758910014989,21.080851063830778,47,ZB23.R48
o12,-1205,-1.2044844541666664e6,1.6026253086617352,20.625,48,ZB23.R48
o2,-1201,-1.2005011458333333e6,1.0611524842856086,20.641666666667636,48,ZB23.R48
o2,-1202,-1.2014951959183672e6,1.0401542355187594,20.26938775510109,49,ZB23.R48
o2,-1203,-1.2024930734693878e6,1.7756657604516948,20.595918367345988,49,ZB23.R48
o2,-1204,-1.2035006612244896e6,1.3821115425942412,20.277551020410066,49,ZB23.R48
o2,-1205,-1.2044946040816326e6,1.552714918540252,20.522448979588987,49,ZB23.R48
o3,-1201,-1.200509289655172e6,0.49455657532918346,17.048275862065754,58,ZB23.R48
o3,-1202,-1.201505352542373e6,0.51774112789618,17.037288135596377,59,ZB23.R48
o3,-1203,-1.202501375862068e6,0.531081438171106,17.027586206894142,58,ZB23.R48
o3,-1204,-1.2034972949152542e6,0.5251187057708734,17.03050847457706,59,ZB23.R48
o3,-1205,-1.2044934413793103e6,0.5086196773983677,17.04827586206977,58,ZB23.R48
p,-1201,-1.2005020463768116e6,1.389504144687868,14.342028985505221,69,ZB23.R48
p,-1202,-1.201489354285715e6,1.2786793091034554,14.262857142859138,70,ZB23.R48
p,-1203,-1.2025007916666672e6,1.4397538115648678,13.949999999998706,72,ZB23.R48
p,-1204,-1.2034895694444447e6,1.3599649145743185,13.872222222222868,72,ZB23.R48
p,-1205,-1.2045028112676057e6,1.398890910293251,13.938028169012117,71,ZB23.R48
p1,-1201,-1.2004996424242428e6,1.3253214734067913,15.018181818181112,66,ZB23.R48
p1,-1202,-1.20148844477612e6,1.2259121188083315,14.895522388059701,67,ZB23.R48
p1,-1203,-1.2024963432835822e6,1.2906261026433405,15.014925373134329,67,ZB23.R48
p1,-1204,-1.2034920119402986e6,1.2953931042709497,14.901492537315518,67,ZB23.R48
p1,-1205,-1.2044920666666667e6,1.2405416663109867,14.993939393937277,66,ZB23.R48
p2,-1201,-1.2005003052631586e6,0.7588371910457975,13.0,76,ZB23.R48
p2,-1202,-1.2014963948051948e6,0.6122193672187155,12.96623376623558,77,ZB23.R48
p2,-1203,-1.2024956363636372e6,1.0669066690197302,13.028571428570825,77,ZB23.R48
p2,-1204,-1.2034976467532467e6,0.7622931453083889,12.976623376622772,77,ZB23.R48
p2,-1205,-1.204497080519479e6,1.0188219006291255,13.018181818180608,77,ZB23.R48
E,-1201,-1.2007761e6,1.1452641336201743,403.4000000000233,2,ZB23.R49
E,-1202,-1.2015847e6,1.367823693913073,405.39999999990687,2,ZB23.R49
E,-1203,-1.202397e6,1.3832610273770718,406.80000000004657,2,ZB23.R49
E,-1204,-1.2034138e6,1.2023196983328122,406.26666666668217,3,ZB23.R49
E,-1205,-1.2044269e6,0.8454230027046103,403.79999999993015,2,ZB23.R49
e,-1201,-1.2005571e6,0.9759589061416285,114.5,8,ZB23.R49
e,-1202,-1.2015004545454546e6,1.3206804963456749,97.41818181819029,11,ZB23.R49
e,-1203,-1.20255924e6,1.2701799941749496,98.08000000000466,10,ZB23.R49
e,-1204,-1.20352668e6,1.623320420826929,97.51999999999535,10,ZB23.R49
e,-1205,-1.2044779200000002e6,1.0424112399223744,95.51999999999535,10,ZB23.R49
o1,-1201,-1.2005035476190476e6,0.33867386759145623,23.419047619049838,42,ZB23.R49
o1,-1202,-1.2014977860465115e6,0.3818168994136799,23.38604651162466,43,ZB23.R49
o1,-1203,-1.202503376744186e6,0.36886436478099505,23.386046511630074,43,ZB23.R49
o1,-1204,-1.2035082976744187e6,0.38238946353788095,23.3674418604662,43,ZB23.R49
o1,-1205,-1.2045015952380954e6,0.3590020385511678,23.38095238095238,42,ZB23.R49
o12,-1201,-1.2005053276595748e6,0.9125254630856716,21.106382978723403,47,ZB23.R49
o12,-1202,-1.2015035836734693e6,1.2287558614478862,20.620408163263406,49,ZB23.R49
o12,-1203,-1.2025001291666667e6,1.8090894390609522,20.558333333334303,48,ZB23.R49
o12,-1204,-1.2035006040816326e6,1.5184431990793985,20.669387755102992,49,ZB23.R49
o12,-1205,-1.2044993708333333e6,1.9932115733494502,20.47500000000097,48,ZB23.R49
o2,-1201,-1.2005034083333334e6,0.8971379472203281,20.64999999999903,48,ZB23.R49
o2,-1202,-1.201503567346939e6,1.2327851175597249,20.620408163268156,49,ZB23.R49
o2,-1203,-1.20250005e6,1.83861242399392,20.54999999999806,48,ZB23.R49
o2,-1204,-1.203500608163265e6,1.513464472341505,20.66122448979877,49,ZB23.R49
o2,-1205,-1.2044993499999996e6,2.0554174996822137,20.466666666664725,48,ZB23.R49
o3,-1201,-1.2004977087719298e6,0.25622355390134355,17.284210526319058,57,ZB23.R49
o3,-1202,-1.2014939084745762e6,0.2943752877238287,17.010169491523055,59,ZB23.R49
o3,-1203,-1.2024962965517242e6,0.3278874245354505,17.296551724137128,58,ZB23.R49
o3,-1204,-1.2035008440677966e6,0.2911812813552912,17.010169491527,59,ZB23.R49
o3,-1205,-1.2044943368421053e6,0.28333466544283414,17.291228070177073,57,ZB23.R49
p,-1201,-1.2005082929577464e6,1.2884096806413667,14.118309859153618,71,ZB23.R49
p,-1202,-1.201500702857143e6,1.4261929728562932,14.297142857143522,70,ZB23.R49
p,-1203,-1.2025058434782608e6,1.5096590168603325,14.504347826087631,69,ZB23.R49
p,-1204,-1.2034976760563382e6,1.4941096580148052,13.92112676056207,71,ZB23.R49
p,-1205,-1.2044949014492754e6,1.3396279555912056,14.533333333334008,69,ZB23.R49
p1,-1201,-1.2004928955223884e6,1.262390963431581,14.805970149253731,67,ZB23.R49
p1,-1202,-1.2015004388059701e6,1.2666955403497198,15.11044776119264,67,ZB23.R49
p1,-1203,-1.2024968746268658e6,1.375994866445335,14.776119402985074,67,ZB23.R49
p1,-1204,-1.2034890417910449e6,1.245491263219182,14.90746268656786,67,ZB23.R49
p1,-1205,-1.204496976119403e6,1.3151969435514757,15.00298507462617,67,ZB23.R49
p2,-1201,-1.2005062342105263e6,0.5284174327467186,13.142105263155443,76,ZB23.R49
p2,-1202,-1.201500281578947e6,0.9152814175573736,13.047368421053857,76,ZB23.R49
p2,-1203,-1.202502989610388e6,0.8096834566020115,13.106493506492901,77,ZB23.R49
p2,-1204,-1.2035002184210538e6,1.148267351797189,13.015789473683597,76,ZB23.R49
p2,-1205,-1.2044944649350652e6,0.6096780656585689,12.981818181819392,77,ZB23.R49
E,-1201,-1.2005285e6,1.112354265127503,403.4000000000233,2,ZB23.R50
E,-1202,-1.2015370666666667e6,1.6707822065141287,403.4666666666356,3,ZB23.R50
E,-1203,-1.202546e6,1.8795823299489867,403.60000000009313,2,ZB23.R50
E,-1204,-1.2035536666666667e6,1.633980315278574,402.53333333328675,3,ZB23.R50
E,-1205,-1.2045579e6,1.0551019157065276,400.5999999999767,2,ZB23.R50
e,-1201,-1.200519025e6,0.9640367621647955,113.14999999999418,8,ZB23.R50
e,-1202,-1.2015009818181817e6,1.0322234833862012,98.25454545454969,11,ZB23.R50
e,-1203,-1.2025606666666667e6,0.9545116955604755,113.77777777777777,9,ZB23.R50
e,-1204,-1.2035452444444443e6,0.966997900934315,108.88888888888889,9,ZB23.R50
e,-1205,-1.2044845555555555e6,1.1488611678170202,98.79999999999482,9,ZB23.R50
o1,-1201,-1.2005065285714285e6,0.3948690243511371,23.38095238095238,42,ZB23.R50
o1,-1202,-1.2015007906976745e6,0.3771556383563274,23.386046511630074,43,ZB23.R50
o1,-1203,-1.2025065023255816e6,0.38166946827983245,23.38604651162466,43,ZB23.R50
o1,-1204,-1.203500261904762e6,0.38322003395699317,23.38095238095238,42,ZB23.R50
o1,-1205,-1.204493641860465e6,0.38217319245099685,23.3953488372093,43,ZB23.R50
o12,-1201,-1.2005143124999995e6,1.378864285601084,20.625,48,ZB23.R50
o12,-1202,-1.201501325e6,1.5556597726695955,20.583333333333332,48,ZB23.R50
o12,-1203,-1.202498530612245e6,1.4875767154466542,20.538775510206932,49,ZB23.R50
o12,-1204,-1.2035062040816322e6,1.5478762145118414,20.522448979588987,49,ZB23.R50
o12,-1205,-1.2045030999999999e6,1.5741535308974768,20.55000000000291,48,ZB23.R50
o2,-1201,-1.2005040285714283e6,1.3611240680517567,20.595918367345988,49,ZB23.R50
o2,-1202,-1.2015012666666668e6,1.5675236825875964,20.566666666665697,48,ZB23.R50
o2,-1203,-1.2024985591836732e6,1.51719673602684,20.53061224489796,49,ZB23.R50
o2,-1204,-1.2035062163265306e6,1.5818108566161235,20.53061224489796,49,ZB23.R50
o2,-1205,-1.2045030999999999e6,1.597103750006837,20.55000000000291,48,ZB23.R50
o3,-1201,-1.200501315789474e6,0.3896378121469108,17.39649122807181,57,ZB23.R50
o3,-1202,-1.2015011931034483e6,0.3923253875334982,17.379310344827587,58,ZB23.R50
o3,-1203,-1.202500515789474e6,0.4624497104139335,17.354385964911465,57,ZB23.R50
o3,-1204,-1.203499331034483e6,0.44613938142730375,17.337931034484363,58,ZB23.R50
o3,-1205,-1.2044983649122806e6,0.4032841726660416,17.361403508769477,57,ZB23.R50
p,-1201,-1.2004994970588237e6,1.564876416056587,14.547058823528728,68,ZB23.R50
p,-1202,-1.201496881690141e6,1.272504596298332,14.101408450706849,71,ZB23.R50
p,-1203,-1.202498183098591e6,1.4787652177428212,14.135211267603665,71,ZB23.R50
p,-1204,-1.2035063628571432e6,1.315435542287802,14.291428571430567,70,ZB23.R50
p,-1205,-1.2044969217391305e6,1.5017588733142575,14.30724637681092,69,ZB23.R50
p1,-1201,-1.2004963462686567e6,1.534021609596311,14.794029850745574,67,ZB23.R50
p1,-1202,-1.2014883880597013e6,1.2601068360160175,14.88955223880736,67,ZB23.R50
p1,-1203,-1.2024970376811596e6,1.5074519511701145,14.585507246375462,69,ZB23.R50
p1,-1204,-1.2034931882352943e6,1.2971503516511382,14.670588235295487,68,ZB23.R50
p1,-1205,-1.2044936117647057e6,1.3694787947139808,14.57647058823461,68,ZB23.R50
p2,-1201,-1.2005054657894738e6,0.5448637929447725,13.099999999998161,76,ZB23.R50
p2,-1202,-1.2015012921052633e6,0.6772262049152319,13.078947368421053,76,ZB23.R50
p2,-1203,-1.202501218181818e6,0.5472557375564917,13.09610389610571,77,ZB23.R50
p2,-1204,-1.20350355e6,0.5523810325323993,13.099999999998161,76,ZB23.R50
p2,-1205,-1.204496971052631e6,0.721897791325023,13.078947368421053,76,ZB23.R50
E,-1201,-1.2007581e6,0.7826221908820441,407.0,2,ZB23.R51
E,-1202,-1.2015695e6,0.8951086321557984,404.19999999995343,2,ZB23.R51
E,-1203,-1.2025674e6,0.629389602382351,392.39999999998446,3,ZB23.R51
E,-1204,-1.2035215999999999e6,0.3414342074306729,371.60000000009313,2,ZB23.R51
E,-1205,-1.2042809000000001e6,0.40139799277290794,389.39999999990687,2,ZB23.R51
e,-1201,-1.2005432600000002e6,1.299537077972985,99.96000000000932,10,ZB23.R51
e,-1202,-1.2015226599999997e6,1.6542400409423998,97.96000000000932,10,ZB23.R51
e,-1203,-1.2025259199999997e6,1.5895485068627295,98.87999999998138,10,ZB23.R51
e,-1204,-1.2035024e6,1.4488905975886217,100.96000000000932,10,ZB23.R51
e,-1205,-1.2045082799999998e6,1.600461570053012,96.23999999999069,10,ZB23.R51
o1,-1201,-1.2005134095238093e6,0.5392208032586233,23.4095238095227,42,ZB23.R51
o1,-1202,-1.201507488372093e6,0.5844337834894872,23.38604651162466,43,ZB23.R51
o1,-1203,-1.2025011142857145e6,0.5803706799008748,23.37142857143079,42,ZB23.R51
o1,-1204,-1.2034944558139532e6,0.5705717608504476,23.3674418604662,43,ZB23.R51
o1,-1205,-1.204487295238095e6,0.5325284475559681,23.333333333333332,42,ZB23.R51
o12,-1201,-1.2005083021276598e6,1.1197264307307802,20.689361702125677,47,ZB23.R51
o12,-1202,-1.2014974775510207e6,1.4529893038705555,20.63673469388135,49,ZB23.R51
o12,-1203,-1.2024934000000001e6,1.5862574888535563,20.59999999999612,48,ZB23.R51
o12,-1204,-1.203500256e6,1.182808552121173,20.24,50,ZB23.R51
o12,-1205,-1.2044946249999998e6,1.3102492320094659,20.65000000000388,48,ZB23.R51
o2,-1201,-1.2005023624999998e6,1.1210693812372658,20.27499999999903,48,ZB23.R51
o2,-1202,-1.201497526530612e6,1.4301391597751407,20.620408163263406,49,ZB23.R51
o2,-1203,-1.2024934e6,1.5885933999118944,20.60000000000097,48,ZB23.R51
o2,-1204,-1.2035001719999998e6,1.2270373898363014,20.29600000000093,50,ZB23.R51
o2,-1205,-1.2044944625000001e6,1.2708154941713772,20.491666666663757,48,ZB23.R51
o3,-1201,-1.2005028e6,0.5850776632150655,17.08965517241299,58,ZB23.R51
o3,-1202,-1.2014993620689658e6,0.655034172040848,17.372413793105054,58,ZB23.R51
o3,-1203,-1.2024991758620692e6,0.6364799043341907,17.08275862069046,58,ZB23.R51
o3,-1204,-1.2034970135593219e6,0.5534471894122791,17.010169491523055,59,ZB23.R51
o3,-1205,-1.204494096551724e6,0.5910800928559632,17.089655172417004,58,ZB23.R51
p,-1201,-1.200517350724638e6,1.1979768640118187,14.446376811594877,69,ZB23.R51
p,-1202,-1.2014979485714294e6,1.5700395910131562,14.159999999999334,70,ZB23.R51
p,-1203,-1.202519263888889e6,1.4091235787948113,14.01666666666602,72,ZB23.R51
p,-1204,-1.2034978147058825e6,1.2564478186837431,14.617647058823529,68,ZB23.R51
p,-1205,-1.2045078914285714e6,1.4758690927327542,14.194285714287044,70,ZB23.R51
p1,-1201,-1.2005047363636366e6,1.1951294272572646,15.084848484846368,66,ZB23.R51
p1,-1202,-1.2014992454545454e6,1.419921641542287,15.048484848484144,66,ZB23.R51
p1,-1203,-1.202500692537313e6,1.2980079226762524,15.0686567164193,67,ZB23.R51
p1,-1204,-1.2035022515151512e6,1.2776758654515417,15.048484848484144,66,ZB23.R51
p1,-1205,-1.2045020567164177e6,1.2469358334148348,14.859701492538704,67,ZB23.R51
p2,-1201,-1.2005031759999995e6,0.6377483963785877,13.114666666664805,75,ZB23.R51
p2,-1202,-1.2014958779220777e6,1.034927970150822,13.04415584415766,77,ZB23.R51
p2,-1203,-1.2025040181818183e6,0.930036748600946,13.07532467532528,77,ZB23.R51
p2,-1204,-1.2035023184210528e6,0.7160687899222784,13.099999999998161,76,ZB23.R51
p2,-1205,-1.2044976078947368e6,0.9979602364748552,13.047368421053857,76,ZB23.R51
E,-1201,-1.2006738e6,0.8456219096381306,404.0,2,ZB23.R52
E,-1202,-1.2014829e6,1.0694746243646365,405.0,2,ZB23.R52
E,-1203,-1.2024957333333332e6,1.1585057977868414,405.06666666665114,3,ZB23.R52
E,-1204,-1.2035075e6,1.0770614643101266,404.20000000006985,2,ZB23.R52
E,-1205,-1.2043148e6,0.8465366585073363,403.19999999995343,2,ZB23.R52
e,-1201,-1.2006012666666666e6,0.9625365317226754,95.77777777777777,9,ZB23.R52
e,-1202,-1.20151546e6,1.5755642136128039,100.27999999998137,10,ZB23.R52
e,-1203,-1.2025012600000002e6,1.1863889478449978,99.48000000000465,10,ZB23.R52
e,-1204,-1.2035145799999998e6,1.4578190825689996,102.76000000000931,10,ZB23.R52
e,-1205,-1.2044676222222222e6,1.500113403886518,97.82222222221188,9,ZB23.R52
o1,-1201,-1.2005054714285713e6,0.2876912188968629,23.361904761903652,42,ZB23.R52
o1,-1202,-1.2014982465116277e6,0.2634411375563302,23.358139534881555,43,ZB23.R52
o1,-1203,-1.2025021348837211e6,0.2735152203203514,23.339534883723097,43,ZB23.R52
o1,-1204,-1.203505623255814e6,0.28557261910692033,23.339534883723097,43,ZB23.R52
o1,-1205,-1.2044967000000002e6,0.2710157231789621,23.24761904761683,42,ZB23.R52
o12,-1201,-1.2005116541666666e6,1.4563049287242562,20.641666666667636,48,ZB23.R52
o12,-1202,-1.2015019124999999e6,1.6925353622469828,20.608333333332364,48,ZB23.R52
o12,-1203,-1.2025008040816328e6,1.8066985249639844,20.514285714284764,49,ZB23.R52
o12,-1204,-1.203507742857143e6,1.4021183926848213,20.56326530612435,49,ZB23.R52
o12,-1205,-1.2044946595744682e6,1.5322285331623013,20.62127659574369,47,ZB23.R52
o2,-1201,-1.2005116041666665e6,1.444178429842968,20.625,48,ZB23.R52
o2,-1202,-1.2015019625000001e6,1.7101596292184997,20.59166666666958,48,ZB23.R52
o2,-1203,-1.2025008122448977e6,1.8606533539705934,20.514285714284764,49,ZB23.R52
o2,-1204,-1.203507751020408e6,1.4283779502832665,20.579591836732792,49,ZB23.R52
o2,-1205,-1.2045049000000001e6,1.517175294435246,20.583333333333332,48,ZB23.R52
o3,-1201,-1.2005069368421051e6,0.13900665156885386,17.25614035087474,57,ZB23.R52
o3,-1202,-1.2015014172413792e6,0.17255924438955966,17.289655172414594,58,ZB23.R52
o3,-1203,-1.2025006474576269e6,0.15270356548861194,17.010169491527,59,ZB23.R52
o3,-1204,-1.2035002771929821e6,0.17174448502731599,17.326315789471234,57,ZB23.R52
o3,-1205,-1.204494755172414e6,0.182433012565177,17.262068965520452,58,ZB23.R52
p,-1201,-1.2004987257142859e6,1.2924829409278662,14.102857142856477,70,ZB23.R52
p,-1202,-1.2015123698630133e6,1.5070268904043678,13.769863013697993,73,ZB23.R52
p,-1203,-1.2024951464788732e6,1.306095680224735,14.033802816900097,71,ZB23.R52
p,-1204,-1.2035024197183102e6,1.5147451649796224,14.157746478875863,71,ZB23.R52
p,-1205,-1.2044965295774646e6,1.4630753406075112,13.81408450703963,71,ZB23.R52
p1,-1201,-1.2005054676470587e6,1.1111330343189754,14.488235294116961,68,ZB23.R52
p1,-1202,-1.2015036176470588e6,1.2472961385621988,14.776470588235979,68,ZB23.R52
p1,-1203,-1.2025071014925372e6,1.0740188119462692,14.883582089551544,67,ZB23.R52
p1,-1204,-1.20350475e6,1.3516665525977531,14.770588235292749,68,ZB23.R52
p1,-1205,-1.2045019940298505e6,1.1328190547841244,14.841791044778205,67,ZB23.R52
p2,-1201,-1.200506868421053e6,0.7223105227815761,13.0,76,ZB23.R52
p2,-1202,-1.2015024649350655e6,1.137282588651628,13.054545454544849,77,ZB23.R52
p2,-1203,-1.2025014921052635e6,0.8890859907523677,13.110526315788249,76,ZB23.R52
p2,-1204,-1.2034970710526314e6,0.9712706927696242,13.078947368421053,76,ZB23.R52
p2,-1205,-1.2044973948051953e6,1.1344360553904398,13.04415584415766,77,ZB23.R52
E,-1201,-1.2007179e6,1.030062227098315,407.0,2,ZB23.R53
E,-1202,-1.2015342000000002e6,1.370995379107716,409.20000000006985,2,ZB23.R53
E,-1203,-1.2025580000000002e6,1.5680558414188484,409.3333333333333,3,ZB23.R53
E,-1204,-1.2035793e6,1.4605491550699736,407.39999999990687,2,ZB23.R53
E,-1205,-1.2043922999999998e6,1.078546863850173,405.80000000004657,2,ZB23.R53
e,-1201,-1.2004991e6,1.030843034707544,92.03999999999068,10,ZB23.R53
e,-1202,-1.201499e6,1.666649599948427,98.43636363636787,11,ZB23.R53
e,-1203,-1.2024868444444444e6,0.7316111697572762,102.84444444442892,9,ZB23.R53
e,-1204,-1.2034920545454544e6,1.0528152887956843,100.98181818182242,11,ZB23.R53
e,-1205,-1.2045109999999998e6,1.1674671481272765,98.26666666668218,9,ZB23.R53
o1,-1201,-1.2005047619047617e6,0.4634024257109172,23.35238095238206,42,ZB23.R53
o1,-1202,-1.2014991813953489e6,0.4720794386029409,23.404651162788532,43,ZB23.R53
o1,-1203,-1.2025052511627907e6,0.45277782169226805,23.3953488372093,43,ZB23.R53
o1,-1204,-1.2034993952380952e6,0.4636839725492677,23.38095238095238,42,ZB23.R53
o1,-1205,-1.2044932372093026e6,0.4320228482279621,23.404651162793947,43,ZB23.R53
o12,-1201,-1.200505629787234e6,1.4928429396111067,20.706382978722413,47,ZB23.R53
o12,-1202,-1.201498187755102e6,1.7154881153326424,20.6367346938766,49,ZB23.R53
o12,-1203,-1.2025046040816326e6,1.7798359576245424,20.424489795919317,49,ZB23.R53
o12,-1204,-1.203512263829787e6,0.9547229911849612,21.004255319147944,47,ZB23.R53
o12,-1205,-1.2044922000000004e6,1.3150392011040064,20.481632653063127,49,ZB23.R53
o2,-1201,-1.2004953666666667e6,1.4518831666193128,20.666666666666668,48,ZB23.R53
o2,-1202,-1.2014982122448976e6,1.7329738795069558,20.653061224489797,49,ZB23.R53
o2,-1203,-1.202504530612245e6,1.8474951302454086,20.37551020407973,49,ZB23.R53
o2,-1204,-1.203495730612245e6,0.9513658498408039,20.19591836734884,49,ZB23.R53
o2,-1205,-1.204492048979592e6,1.3480916292299359,20.47346938775415,49,ZB23.R53
o3,-1201,-1.200501740350877e6,0.2538679545849987,17.235087719300697,57,ZB23.R53
o3,-1202,-1.2014927448275862e6,0.2677185777335037,17.227586206895747,58,ZB23.R53
o3,-1203,-1.2024921689655168e6,0.25146943616561507,17.23448275861828,58,ZB23.R53
o3,-1204,-1.2034911103448274e6,0.2504529243482815,17.213793103450683,58,ZB23.R53
o3,-1205,-1.2044899793103451e6,0.24048158107251724,17.24137931034483,58,ZB23.R53
p,-1201,-1.200493067605634e6,1.3365633307170153,14.0,71,ZB23.R53
p,-1202,-1.201502932394366e6,1.649682489574578,14.225352112676056,71,ZB23.R53
p,-1203,-1.2025052816901412e6,1.2639059863293198,14.09014084507239,71,ZB23.R53
p,-1204,-1.2034970753623184e6,1.4464887334596181,14.324637681158071,69,ZB23.R53
p,-1205,-1.2044955420289855e6,1.4572272124227668,14.539130434781933,69,ZB23.R53
p1,-1201,-1.2005055558823526e6,1.133623922240794,14.476470588233925,68,ZB23.R53
p1,-1202,-1.2015013014492753e6,1.3997794816416818,14.579710144927537,69,ZB23.R53
p1,-1203,-1.2025046115942027e6,1.229720829175415,14.48695652174048,69,ZB23.R53
p1,-1204,-1.2034996352941175e6,1.3343053536604037,14.564705882351571,68,ZB23.R53
p1,-1205,-1.2044953710144926e6,1.3197352628136894,14.56811594202831,69,ZB23.R53
p2,-1201,-1.2005043766233774e6,0.7954347096287054,13.012987012987013,77,ZB23.R53
p2,-1202,-1.2015002105263162e6,1.1839597726076314,13.021052631580172,76,ZB23.R53
p2,-1203,-1.2024946337662335e6,0.49165173977827187,12.976623376622772,77,ZB23.R53
p2,-1204,-1.2034960675324677e6,0.7202492665110248,13.07012987012866,77,ZB23.R53
p2,-1205,-1.204499910526315e6,0.7225183230212853,13.094736842107714,76,ZB23.R53
E,-1201,-1.200601e6,1.0624373862661731,404.80000000004657,2,ZB23.R54
E,-1202,-1.2014131e6,1.35505728631129,407.4000000000233,2,ZB23.R54
E,-1203,-1.2024358e6,1.419438529177426,410.26666666668217,3,ZB23.R54
E,-1204,-1.2034617000000002e6,1.304587603402168,409.79999999993015,2,ZB23.R54
E,-1205,-1.2042789e6,1.0612840679492697,407.4000000000233,2,ZB23.R54
e,-1201,-1.2005332444444445e6,1.0849047601655895,97.33333333333333,9,ZB23.R54
e,-1202,-1.2015084599999997e6,1.1395554852104741,107.08000000000466,10,ZB23.R54
e,-1203,-1.2025060399999998e6,1.226532647487863,98.96000000000932,10,ZB23.R54
e,-1204,-1.2035186600000001e6,1.4814428762894412,100.03999999999068,10,ZB23.R54
e,-1205,-1.2044435777777778e6,1.0385998604767972,101.4666666666615,9,ZB23.R54
o1,-1201,-1.2005036809523809e6,0.30906752319334135,23.419047619044292,42,ZB23.R54
o1,-1202,-1.2014985023255812e6,0.345769740818473,23.404651162793947,43,ZB23.R54
o1,-1203,-1.2025045860465118e6,0.34682569047098866,23.38604651162466,43,ZB23.R54
o1,-1204,-1.203498495238095e6,0.3563444010992073,23.390476190479518,42,ZB23.R54
o1,-1205,-1.2044924325581398e6,0.32760775222138777,23.41395348836776,43,ZB23.R54
o12,-1201,-1.2005015708333333e6,1.9475799579865463,20.508333333336243,48,ZB23.R54
o12,-1202,-1.2015009346938778e6,1.2326056128980778,20.644897959180824,49,ZB23.R54
o12,-1203,-1.2025018708333336e6,1.6652957645459938,20.608333333332364,48,ZB23.R54
o12,-1204,-1.2034978979591834e6,1.659489127443585,20.612244897959183,49,ZB23.R54
o12,-1205,-1.2044985041666664e6,1.1661894001905335,20.641666666667636,48,ZB23.R54
o2,-1201,-1.2005016250000002e6,1.9882280120807803,20.5,48,ZB23.R54
o2,-1202,-1.2015009469387755e6,1.2496436769055155,20.653061224489797,49,ZB23.R54
o2,-1203,-1.2025018583333334e6,1.6816601574431551,20.59999999999612,48,ZB23.R54
o2,-1204,-1.203497836734694e6,1.6689215390410246,20.60408163265496,49,ZB23.R54
o2,-1205,-1.2044985583333338e6,1.1733409415088005,20.633333333331393,48,ZB23.R54
o3,-1201,-1.2005060779661008e6,0.11287892652492533,16.901694915253447,59,ZB23.R54
o3,-1202,-1.201506149152542e6,0.1808877176153493,16.96271186440757,59,ZB23.R54
o3,-1203,-1.2025065389830507e6,0.16410171226060694,16.94237288135751,59,ZB23.R54
o3,-1204,-1.2035068448275859e6,0.19106892797445496,17.24827586206736,58,ZB23.R54
o3,-1205,-1.2044993754385966e6,0.23889446593654717,17.263157894736842,57,ZB23.R54
p,-1201,-1.2004988811594204e6,1.385388474424087,14.26086956521739,69,ZB23.R54
p,-1202,-1.201505405633803e6,1.4530198840045652,14.247887323944974,71,ZB23.R54
p,-1203,-1.2024978657142855e6,1.4192210829400167,14.2,70,ZB23.R54
p,-1204,-1.203506692957747e6,1.547774380016881,14.174647887322632,71,ZB23.R54
p,-1205,-1.2044917342857143e6,1.3469071817457599,14.028571428571428,70,ZB23.R54
p1,-1201,-1.2005002735294118e6,1.2771129847371763,14.58235294117784,68,ZB23.R54
p1,-1202,-1.201496707246377e6,1.359335743009813,14.573913043476237,69,ZB23.R54
p1,-1203,-1.2024991420289855e6,1.1899797696552885,14.481159420292554,69,ZB23.R54
p1,-1204,-1.2035020289855076e6,1.3718294775560809,14.573913043476237,69,ZB23.R54
p1,-1205,-1.2044971323529412e6,1.1673054287021865,14.476470588237348,68,ZB23.R54
p2,-1201,-1.2005082605263162e6,0.7035414502311387,13.036842105263771,76,ZB23.R54
p2,-1202,-1.201503501298701e6,0.7480947672117367,13.028571428570825,77,ZB23.R54
p2,-1203,-1.2025021789473684e6,0.9015411108374898,13.094736842107714,76,ZB23.R54
p2,-1204,-1.2034987631578944e6,0.9888673917955542,13.063157894734392,76,ZB23.R54
p2,-1205,-1.2044963948051957e6,0.6917459975486976,13.018181818183633,77,ZB23.R54
E,-1201,-1.200493e6,1.0407830516366732,406.4000000000233,2,ZB23.R55
E,-1202,-1.201511e6,1.5247080684699856,407.8666666666201,3,ZB23.R55
E,-1203,-1.2025312e6,1.7321035511987732,408.0,2,ZB23.R55
E,-1204,-1.2035487333333334e6,1.5822213328968118,406.0,3,ZB23.R55
E,-1205,-1.2045609e6,1.0981338639591653,403.4000000000233,2,ZB23.R55
e,-1201,-1.200497022222222e6,0.8920596209414189,103.37777777776743,9,ZB23.R55
e,-1202,-1.2014971272727272e6,1.326551085541717,95.34545454545878,11,ZB23.R55
e,-1203,-1.202494311111111e6,0.690303440744309,104.35555555555038,9,ZB23.R55
e,-1204,-1.203498e6,1.292910368123077,96.21818181817335,11,ZB23.R55
e,-1205,-1.204488222222222e6,0.816838128166756,102.40000000001035,9,ZB23.R55
o1,-1201,-1.2005074837209303e6,0.44807846817598895,23.413953488373178,43,ZB23.R55
o1,-1202,-1.2015028333333333e6,0.485416677412815,23.419047619049838,42,ZB23.R55
o1,-1203,-1.2024980372093022e6,0.48627390845899554,23.404651162788532,43,ZB23.R55
o1,-1204,-1.2035044930232558e6,0.4949477547472211,23.404651162793947,43,ZB23.R55
o1,-1205,-1.2044988952380952e6,0.4491664466551201,23.390476190473972,42,ZB23.R55
o12,-1201,-1.2005119875e6,1.7294866240399085,20.57500000000194,48,ZB23.R55
o12,-1202,-1.201499195833333e6,1.3912068631255095,20.625,48,ZB23.R55
o12,-1203,-1.202499187755102e6,1.0501334102280417,20.62857142856763,49,ZB23.R55
o12,-1204,-1.2034980791666664e6,1.41111008588454,20.608333333337214,48,ZB23.R55
o12,-1205,-1.2044948530612248e6,1.6570530548293023,20.481632653058373,49,ZB23.R55
o2,-1201,-1.2005121958333335e6,1.7471237825515533,20.491666666663757,48,ZB23.R55
o2,-1202,-1.2014992041666664e6,1.3976942096804403,20.625,48,ZB23.R55
o2,-1203,-1.202499472e6,1.0346351010986736,20.24,50,ZB23.R55
o2,-1204,-1.2034980708333328e6,1.410658747224802,20.608333333332364,48,ZB23.R55
o2,-1205,-1.2044947183673468e6,1.7023754466249472,20.440816326532513,49,ZB23.R55
o3,-1201,-1.2005056068965516e6,0.40727852507580076,17.28275862068805,58,ZB23.R55
o3,-1202,-1.2015084758620688e6,0.4669559198559611,17.282758620692064,58,ZB23.R55
o3,-1203,-1.2024976068965518e6,0.3777755411711455,16.979310344824373,58,ZB23.R55
o3,-1204,-1.2034944241379306e6,0.39977795957288015,17.262068965520452,58,ZB23.R55
o3,-1205,-1.2044933728813562e6,0.30592750113177525,16.983050847457626,59,ZB23.R55
p,-1201,-1.2005063499999999e6,1.4319445908045418,14.547058823528728,68,ZB23.R55
p,-1202,-1.2015087542857144e6,1.4370412150081766,14.308571428572758,70,ZB23.R55
p,-1203,-1.2024979029411767e6,1.3990618225324432,14.558823529411764,68,ZB23.R55
p,-1204,-1.203490816901409e6,1.4631683836214957,14.10704225351916,71,ZB23.R55
p,-1205,-1.2044970231884054e6,1.3601956503778938,14.521739130434783,69,ZB23.R55
p1,-1201,-1.2005037134328359e6,1.4023275794928045,14.805970149253731,67,ZB23.R55
p1,-1202,-1.2014962764705885e6,1.2875630866637473,14.694117647061562,68,ZB23.R55
p1,-1203,-1.2024949313432837e6,1.4394305873430788,14.805970149253731,67,ZB23.R55
p1,-1204,-1.2034950347826092e6,1.3209046420490345,14.684057971013818,69,ZB23.R55
p1,-1205,-1.204500128358209e6,1.3179228154825566,14.799999999997915,67,ZB23.R55
p2,-1201,-1.2004991842105265e6,0.5176165647313478,13.136842105261932,76,ZB23.R55
p2,-1202,-1.201501472727273e6,0.9213517758868883,13.054545454544849,77,ZB23.R55
p2,-1203,-1.202503497368421e6,0.40140845287150134,13.142105263158507,76,ZB23.R55
p2,-1204,-1.2034994342105265e6,0.9204902181901694,13.047368421053857,76,ZB23.R55
p2,-1205,-1.2044937552631577e6,0.48616733495350484,13.131578947368421,76,ZB23.R55
E,-1201,-1.2006297000000002e6,0.729875237015418,403.0,2,ZB23.R56
E,-1202,-1.2014366e6,0.9885927330157988,404.0,2,ZB23.R56
E,-1203,-1.2024475999999999e6,1.1264217819448803,404.53333333328675,3,ZB23.R56
E,-1204,-1.2034579e6,1.031596848188443,403.4000000000233,2,ZB23.R56
E,-1205,-1.2042629e6,0.7628868967259905,401.4000000000233,2,ZB23.R56
e,-1201,-1.20054612e6,1.6961999304620332,95.36000000000931,10,ZB23.R56
e,-1202,-1.2014977800000003e6,1.6810810642962157,95.4,10,ZB23.R56
e,-1203,-1.202485127272727e6,1.2611301134831558,93.30909090908244,11,ZB23.R56
e,-1204,-1.2034831800000002e6,1.4812947743457492,95.56000000000931,10,ZB23.R56
e,-1205,-1.2044705636363635e6,1.4839587555041243,93.27272727272727,11,ZB23.R56
o1,-1201,-1.2005068666666667e6,0.5119265677857919,23.390476190479518,42,ZB23.R56
o1,-1202,-1.2015022558139537e6,0.5039996631789907,23.413953488373178,43,ZB23.R56
o1,-1203,-1.2024973619047618e6,0.4995000603203619,23.4095238095227,42,ZB23.R56
o1,-1204,-1.2034921302325581e6,0.5152494126516747,23.404651162788532,43,ZB23.R56
o1,-1205,-1.2044866714285715e6,0.4798048252286338,23.38095238095238,42,ZB23.R56
o12,-1201,-1.2005090212765955e6,1.3716691247167652,20.748936170211774,47,ZB23.R56
o12,-1202,-1.2015019877551019e6,1.6739560025542601,20.612244897959183,49,ZB23.R56
o12,-1203,-1.20249765106383e6,1.122549409700045,21.08936170212667,47,ZB23.R56
o12,-1204,-1.203503675e6,1.0757503970150992,21.116666666668607,48,ZB23.R56
o12,-1205,-1.204501070833333e6,1.73047828403801,20.57500000000194,48,ZB23.R56
o2,-1201,-1.2004985208333333e6,1.3105024322034513,20.691666666665697,48,ZB23.R56
o2,-1202,-1.2015019959183673e6,1.6950448951541706,20.62857142857238,49,ZB23.R56
o2,-1203,-1.2025019836734696e6,1.0788824986751584,20.244897959183675,49,ZB23.R56
o2,-1204,-1.203503236e6,1.0066929523538997,20.248000000002794,50,ZB23.R56
o2,-1205,-1.2045010625e6,1.746423229742429,20.558333333329454,48,ZB23.R56
o3,-1201,-1.2005038210526316e6,0.46269597603476953,17.326315789471234,57,ZB23.R56
o3,-1202,-1.2015034677966104e6,0.4765206440295826,17.050847457627118,59,ZB23.R56
o3,-1203,-1.202498449122807e6,0.4966585545382465,17.333333333333332,57,ZB23.R56
o3,-1204,-1.203495817241379e6,0.4792919641703552,17.33103448275782,58,ZB23.R56
o3,-1205,-1.2044917068965517e6,0.36882785367466725,17.0,58,ZB23.R56
p,-1201,-1.200511242253521e6,1.508133317631126,13.943661971830986,71,ZB23.R56
p,-1202,-1.2014985972602738e6,1.3615346857065742,13.7753424657547,73,ZB23.R56
p,-1203,-1.2025128800000004e6,1.313932722591942,14.262857142855813,70,ZB23.R56
p,-1204,-1.203499514285714e6,1.416140564856845,14.17142857142857,70,ZB23.R56
p,-1205,-1.2045049499999997e6,1.2243194648876612,13.85555555555685,72,ZB23.R56
p1,-1201,-1.2005005181818185e6,1.2658489631969982,15.048484848484144,66,ZB23.R56
p1,-1202,-1.2014953939393936e6,1.2547061420141112,15.054545454543337,66,ZB23.R56
p1,-1203,-1.202498349253731e6,1.2197995365473855,15.098507462687957,67,ZB23.R56
p1,-1204,-1.2035005484848486e6,1.3365132373955397,15.048484848484144,66,ZB23.R56
p1,-1205,-1.2044955393939393e6,1.0836106566425232,15.103030303031009,66,ZB23.R56
p2,-1201,-1.2005065921052627e6,1.1546967269446418,13.015789473686661,76,ZB23.R56
p2,-1202,-1.2015022701298697e6,1.0157341160025555,13.007792207790393,77,ZB23.R56
p2,-1203,-1.2025028909090906e6,0.8258213629700627,12.992207792209607,77,ZB23.R56
p2,-1204,-1.203504696103896e6,0.8944325599644359,12.997402597400178,77,ZB23.R56
p2,-1205,-1.204498478947369e6,0.9349386642993364,13.0,76,ZB23.R56
E,-1201,-1.2004849000000001e6,1.088891032973582,404.60000000009313,2,ZB23.R57
E,-1202,-1.2014977333333334e6,1.5962496941011828,405.5999999999379,3,ZB23.R57
E,-1203,-1.2025128e6,1.7960328920190158,406.4000000000233,2,ZB23.R57
E,-1204,-1.203528e6,1.6463093162253515,405.60000000001554,3,ZB23.R57
E,-1205,-1.2045405e6,1.1736855937771953,404.19999999995343,2,ZB23.R57
e,-1201,-1.2005617999999998e6,1.1604744887195695,112.5,8,ZB23.R57
e,-1202,-1.20146142e6,0.83887953336218,97.88000000000466,10,ZB23.R57
e,-1203,-1.2024680399999996e6,0.8518994996381775,101.6,10,ZB23.R57
e,-1204,-1.203452022222222e6,1.0459462533557442,108.66666666666667,9,ZB23.R57
e,-1205,-1.2044589400000002e6,0.8906471379862315,99.48000000000465,10,ZB23.R57
o1,-1201,-1.2005138095238095e6,0.4193157697891558,23.4095238095227,42,ZB23.R57
o1,-1202,-1.20150848372093e6,0.44577491696909205,23.404651162793947,43,ZB23.R57
o1,-1203,-1.202503042857143e6,0.4466189852722976,23.399999999995565,42,ZB23.R57
o1,-1204,-1.203497065116279e6,0.4541658052950766,23.376744186050843,43,ZB23.R57
o1,-1205,-1.2044905809523812e6,0.43310993785911944,23.333333333333332,42,ZB23.R57
o12,-1201,-1.200507675e6,1.4961651378482612,20.566666666665697,48,ZB23.R57
o12,-1202,-1.2015060897959187e6,1.6126390979696683,20.538775510206932,49,ZB23.R57
o12,-1203,-1.2025040125000002e6,1.3201567693056524,20.57499999999709,48,ZB23.R57
o12,-1204,-1.2035018408163262e6,1.441313728847771,20.579591836737546,49,ZB23.R57
o12,-1205,-1.2044980749999997e6,1.4250377766938673,20.633333333331393,48,ZB23.R57
o2,-1201,-1.2005077458333333e6,1.5036790025674078,20.52500000000388,48,ZB23.R57
o2,-1202,-1.2015061632653063e6,1.648098963880098,20.538775510202182,49,ZB23.R57
o2,-1203,-1.2025040166666664e6,1.342082982450856,20.60000000000097,48,ZB23.R57
o2,-1204,-1.2035018571428568e6,1.452531439523467,20.579591836732792,49,ZB23.R57
o2,-1205,-1.2044980916666663e6,1.3976672660396827,20.583333333333332,48,ZB23.R57
o3,-1201,-1.200506051724138e6,0.4528562158380952,17.06896551724138,58,ZB23.R57
o3,-1202,-1.2015052103448273e6,0.5483506214439067,17.31724137930874,58,ZB23.R57
o3,-1203,-1.2024992724137928e6,0.5213928641768969,17.0551724137923,58,ZB23.R57
o3,-1204,-1.2034952338983056e6,0.4516126105374926,16.989830508476945,59,ZB23.R57
o3,-1205,-1.204491389655173e6,0.4865094660660076,17.04137931034322,58,ZB23.R57
p,-1201,-1.2005061826086957e6,1.5017021404672302,14.336231884057296,69,ZB23.R57
p,-1202,-1.201499924637681e6,1.3760020194843043,14.48115942028918,69,ZB23.R57
p,-1203,-1.2025020405797106e6,1.4791062275255953,14.57391304347961,69,ZB23.R57
p,-1204,-1.2035042869565217e6,1.394345934153396,14.498550724636331,69,ZB23.R57
p,-1205,-1.2045015628571424e6,1.4753793741006735,14.119999999998669,70,ZB23.R57
p1,-1201,-1.2005037294117648e6,1.4482862604036244,14.576470588238033,68,ZB23.R57
p1,-1202,-1.2014937911764702e6,1.3346768122070676,14.688235294114907,68,ZB23.R57
p1,-1203,-1.2024991441176473e6,1.4623503750786586,14.794117647058824,68,ZB23.R57
p1,-1204,-1.2035045362318838e6,1.3238919114187708,14.475362318841254,69,ZB23.R57
p1,-1205,-1.2044993970588236e6,1.4220206146996452,14.570588235294803,68,ZB23.R57
p2,-1201,-1.2005014210526315e6,0.5793126517917475,13.094736842107714,76,ZB23.R57
p2,-1202,-1.2015009454545453e6,0.548423159655211,13.101298701296283,77,ZB23.R57
p2,-1203,-1.2025039315789472e6,0.5209770964941166,13.094736842107714,76,ZB23.R57
p2,-1204,-1.203497747368421e6,0.6148137061253894,13.073684210524478,76,ZB23.R57
p2,-1205,-1.2044932842105262e6,0.5903507979697642,13.084210526317628,76,ZB23.R57
E,-1201,-1.2006969e6,1.0497211515672764,406.19999999995343,2,ZB23.R58
E,-1202,-1.2015115e6,1.3654033026218173,408.5999999999767,2,ZB23.R58
E,-1203,-1.2025355999999999e6,1.494392555742203,410.1333333333799,3,ZB23.R58
E,-1204,-1.2035592000000002e6,1.4067219994792919,408.0,2,ZB23.R58
E,-1205,-1.2043725e6,1.1153039731872545,405.4000000000233,2,ZB23.R58
e,-1201,-1.2004687400000002e6,1.0642947572134824,96.51999999999535,10,ZB23.R58
e,-1202,-1.20147606e6,1.251175106716563,102.11999999999534,10,ZB23.R58
e,-1203,-1.2024793199999998e6,1.159860210917018,96.88000000000466,10,ZB23.R58
e,-1204,-1.2034556222222222e6,1.2962858604874778,114.44444444444444,9,ZB23.R58
e,-1205,-1.204413675e6,1.4317553168635846,114.64999999999418,8,ZB23.R58
o1,-1201,-1.2005097714285713e6,0.2805679064101564,23.295238095235877,42,ZB23.R58
o1,-1202,-1.2015025860465115e6,0.307058572899813,23.3674418604662,43,ZB23.R58
o1,-1203,-1.2025068697674419e6,0.2961903796611887,23.358139534881555,43,ZB23.R58
o1,-1204,-1.2034991047619048e6,0.29379020795271255,23.333333333333332,42,ZB23.R58
o1,-1205,-1.2044906790697672e6,0.27995525249607284,23.274418604652247,43,ZB23.R58
o12,-1201,-1.2005045125e6,1.662866329162336,20.57499999999709,48,ZB23.R58
o12,-1202,-1.2015000163265306e6,1.5233354379578399,20.555102040820127,49,ZB23.R58
o12,-1203,-1.2025065510204085e6,1.4892643495691886,20.5469387755064,49,ZB23.R58
o12,-1204,-1.2035014541666668e6,1.7234709708289067,20.508333333336243,48,ZB23.R58
o12,-1205,-1.2044876625e6,1.5503907176067322,20.591666666664725,48,ZB23.R58
o2,-1201,-1.200504625e6,1.6676761872440633,20.533333333335275,48,ZB23.R58
o2,-1202,-1.201500012244898e6,1.5489582877861379,20.56326530612435,49,ZB23.R58
o2,-1203,-1.2024962666666668e6,1.508642152344082,20.54999999999806,48,ZB23.R58
o2,-1204,-1.2034911428571432e6,1.7719650834493894,20.522448979593737,49,ZB23.R58
o2,-1205,-1.2044876333333333e6,1.5485444879889065,20.53333333333042,48,ZB23.R58
o3,-1201,-1.200508301754386e6,0.20153561515060844,17.3052631578931,57,ZB23.R58
o3,-1202,-1.201501220689655e6,0.21622891885715628,17.255172413793908,58,ZB23.R58
o3,-1203,-1.202502682758621e6,0.2122936346912745,17.268965517242986,58,ZB23.R58
o3,-1204,-1.2035071254237292e6,0.16803067778853928,16.935593220338195,59,ZB23.R58
o3,-1205,-1.204492094736842e6,0.19456520397207458,17.199999999998365,57,ZB23.R58
p,-1201,-1.200492850704226e6,1.3289367422496048,14.061971830984604,71,ZB23.R58
p,-1202,-1.2014982285714282e6,1.5363737733504461,14.35428571428638,70,ZB23.R58
p,-1203,-1.20250343768116e6,1.4400393749954021,14.504347826087631,69,ZB23.R58
p,-1204,-1.203509225714286e6,1.5548742475512298,14.314285714285715,70,ZB23.R58
p,-1205,-1.2045029380281686e6,1.4046500085768983,13.988732394365542,71,ZB23.R58
p1,-1201,-1.2004997826086953e6,1.145948718056654,14.486956521737106,69,ZB23.R58
p1,-1202,-1.2015015449275363e6,1.4007479348437886,14.55652173913246,69,ZB23.R58
p1,-1203,-1.202503542028985e6,1.28171778770178,14.48115942028918,69,ZB23.R58
p1,-1204,-1.2035049768115943e6,1.4000306179705733,14.54492753622986,69,ZB23.R58
p1,-1205,-1.2044994323529413e6,1.300787722248621,14.54705882353215,68,ZB23.R58
p2,-1201,-1.200495402631579e6,0.7723258766386332,13.089473684208075,76,ZB23.R58
p2,-1202,-1.2014979116883117e6,0.8352590733785399,13.0805194805219,77,ZB23.R58
p2,-1203,-1.2024991842105263e6,0.7974902768994193,13.084210526314564,76,ZB23.R58
p2,-1204,-1.2035014441558446e6,0.8168597645566666,13.090909090909092,77,ZB23.R58
p2,-1205,-1.204500960526316e6,0.7918975796753361,13.078947368421053,76,ZB23.R58
E,-1201,-1.2006054e6,1.0711870465324393,404.79999999993015,2,ZB23.R59
E,-1202,-1.201417e6,1.4685579634742412,406.80000000004657,2,ZB23.R59
E,-1203,-1.2024350666666667e6,1.6887657560957905,407.4666666666356,3,ZB23.R59
E,-1204,-1.2034534e6,1.5857287396371942,406.80000000004657,2,ZB23.R59
E,-1205,-1.2042658e6,1.2245336555968191,405.5999999999767,2,ZB23.R59
e,-1201,-1.200516755555556e6,0.7840372321760518,101.86666666664597,9,ZB23.R59
e,-1202,-1.20145962e6,1.570255972257328,99.08000000000466,10,ZB23.R59
e,-1203,-1.2024551199999999e6,0.6427811837047491,99.11999999999534,10,ZB23.R59
e,-1204,-1.2034609200000002e6,1.3723082706953715,100.96000000000932,10,ZB23.R59
e,-1205,-1.2044530799999998e6,0.8440327911526149,98.23999999999069,10,ZB23.R59
o1,-1201,-1.2004993476190476e6,0.42829723237724626,23.38095238095238,42,ZB23.R59
o1,-1202,-1.2014938093023256e6,0.43959602736924586,23.3953488372093,43,ZB23.R59
o1,-1203,-1.2024996930232558e6,0.4317219763115783,23.38604651162466,43,ZB23.R59
o1,-1204,-1.2035053395348836e6,0.43641163992807813,23.386046511630074,43,ZB23.R59
o1,-1205,-1.2044987904761906e6,0.4044067484073858,23.37142857143079,42,ZB23.R59
o12,-1201,-1.2005099916666667e6,1.308242548651897,20.64999999999903,48,ZB23.R59
o12,-1202,-1.2014980125e6,1.6536694387497393,20.625,48,ZB23.R59
o12,-1203,-1.2024957346938772e6,1.191040409874394,20.595918367345988,49,ZB23.R59
o12,-1204,-1.203504248979592e6,1.4737508538434803,20.56326530612435,49,ZB23.R59
o12,-1205,-1.2045010749999997e6,1.7530534554936228,20.44999999999709,48,ZB23.R59
o2,-1201,-1.2005098499999999e6,1.2916082311576356,20.616666666668607,48,ZB23.R59
o2,-1202,-1.2014980458333332e6,1.6536133344062878,20.608333333332364,48,ZB23.R59
o2,-1203,-1.202495726530612e6,1.2012993289177905,20.612244897959183,49,ZB23.R59
o2,-1204,-1.203504212244898e6,1.496946693211214,20.571428571428573,49,ZB23.R59
o2,-1205,-1.2045010624999998e6,1.811682779415247,20.441666666665697,48,ZB23.R59
o3,-1201,-1.2005085068965515e6,0.391464982570856,17.04137931034322,58,ZB23.R59
o3,-1202,-1.2015007413793106e6,0.411977313255433,17.317241379312755,58,ZB23.R59
o3,-1203,-1.2025001413793103e6,0.4048710108884908,17.027586206894142,58,ZB23.R59
o3,-1204,-1.2034947423728816e6,0.38355129046638203,17.010169491527,59,ZB23.R59
o3,-1205,-1.204489320689655e6,0.39112048552059736,17.0551724137923,58,ZB23.R59
p,-1201,-1.2005053884057968e6,1.3155246123728876,14.533333333334008,69,ZB23.R59
p,-1202,-1.201498362857143e6,1.629746077665569,14.142857142857142,70,ZB23.R59
p,-1203,-1.2024894114285714e6,1.2520684718606627,14.297142857143522,70,ZB23.R59
p,-1204,-1.2035008428571424e6,1.5655058134845867,14.337142857144187,70,ZB23.R59
p,-1205,-1.2044945228571426e6,1.3315938516975925,14.257142857142858,70,ZB23.R59
p1,-1201,-1.2005021134328358e6,1.3246287195959416,15.008955223878512,67,ZB23.R59
p1,-1202,-1.201499023880597e6,1.4752903961991528,14.788059701493232,67,ZB23.R59
p1,-1203,-1.2024971617647058e6,1.285552312404705,14.700000000001369,68,ZB23.R59
p1,-1204,-1.2034962676470587e6,1.4441178432581891,14.782352941175786,68,ZB23.R59
p1,-1205,-1.2044940835820895e6,1.2554425577307127,14.686567164179104,67,ZB23.R59
p2,-1201,-1.2005038789473684e6,0.46227702005072063,13.11578947368176,76,ZB23.R59
p2,-1202,-1.2014979394736846e6,1.0273047590053992,13.047368421053857,76,ZB23.R59
p2,-1203,-1.2024995870129871e6,0.43213592424389335,13.127272727273333,77,ZB23.R59
p2,-1204,-1.2035016868421051e6,0.875281881489686,13.057894736840879,76,ZB23.R59
p2,-1205,-1.2044954631578948e6,0.5691195055978382,13.115789473684822,76,ZB23.R59
E,-1201,-1.2005027e6,0.4222956183587061,400.60000000009313,2,ZB23.R60
E,-1202,-1.2013119e6,0.2769611909300399,413.0,2,ZB23.R60
E,-1203,-1.2024573333333333e6,0.3442773826898864,453.06666666665114,3,ZB23.R60
E,-1204,-1.2034902e6,0.7087606663378474,401.19999999995343,2,ZB23.R60
E,-1205,-1.204292e6,0.6978100164705704,400.80000000004657,2,ZB23.R60
e,-1201,-1.200562e6,1.5929638695507977,98.15999999998603,10,ZB23.R60
e,-1202,-1.2015052399999998e6,1.3059100614916788,94.31999999999535,10,ZB23.R60
e,-1203,-1.2025174909090905e6,1.747095504777579,96.07272727273151,11,ZB23.R60
e,-1204,-1.2035026199999999e6,1.0751701480721434,94.44000000001397,10,ZB23.R60
e,-1205,-1.2044764000000001e6,1.891992920715752,96.8,10,ZB23.R60
o1,-1201,-1.2005016523809521e6,0.2752813254448191,23.476190476190474,42,ZB23.R60
o1,-1202,-1.2014959302325582e6,0.30116382036921124,23.37674418604543,43,ZB23.R60
o1,-1203,-1.2025008511627908e6,0.3078778386846264,23.376744186050843,43,ZB23.R60
o1,-1204,-1.2035057813953487e6,0.32102516199691933,23.358139534881555,43,ZB23.R60
o1,-1205,-1.2044986190476192e6,0.3170890162777403,23.390476190473972,42,ZB23.R60
o12,-1201,-1.2005004083333334e6,1.3862551695227177,20.616666666668607,48,ZB23.R60
o12,-1202,-1.2015003795918366e6,1.6627013066833096,20.563265306119597,49,ZB23.R60
o12,-1203,-1.2024987124999997e6,1.7969235334978233,20.59166666666958,48,ZB23.R60
o12,-1204,-1.2034954285714286e6,1.3817651363013839,20.60408163265021,49,ZB23.R60
o12,-1205,-1.2044949958333333e6,1.5607560437493238,20.608333333332364,48,ZB23.R60
o2,-1201,-1.20050045e6,1.383858879956857,20.60000000000097,48,ZB23.R60
o2,-1202,-1.201500412244898e6,1.6962680668174774,20.56326530612435,49,ZB23.R60
o2,-1203,-1.2024987083333335e6,1.8092145226492538,20.583333333333332,48,ZB23.R60
o2,-1204,-1.203495432653061e6,1.3813313728306054,20.595918367345988,49,ZB23.R60
o2,-1205,-1.2044950083333333e6,1.5793487767000505,20.60000000000097,48,ZB23.R60
o3,-1201,-1.2004982724137928e6,0.23638971987330218,17.124137931037694,58,ZB23.R60
o3,-1202,-1.2014970101694912e6,0.2813611368122132,17.05762711864249,59,ZB23.R60
o3,-1203,-1.2025035932203392e6,0.2794110585154757,17.071186440677177,59,ZB23.R60
o3,-1204,-1.2035015999999999e6,0.25569645926324747,17.08965517241299,58,ZB23.R60
o3,-1205,-1.204491331034483e6,0.21350999028902873,17.04827586206977,58,ZB23.R60
p,-1201,-1.2004950084507044e6,1.3936244124280643,13.926760563380938,71,ZB23.R60
p,-1202,-1.2015098083333333e6,1.2947293918665252,14.005555555554261,72,ZB23.R60
p,-1203,-1.202499205714286e6,1.3312116163729013,14.217142857142193,70,ZB23.R60
p,-1204,-1.2035075391304353e6,1.3235324558924233,14.579710144927537,69,ZB23.R60
p,-1205,-1.2044954054054054e6,1.5238181593893252,13.437837837839727,74,ZB23.R60
p1,-1201,-1.2004977424242422e6,1.2382227302712299,15.036363636362225,66,ZB23.R60
p1,-1202,-1.2014996059701485e6,1.2213274281209414,15.056716417911142,67,ZB23.R60
p1,-1203,-1.2025011030303028e6,1.195409633917965,15.066666666665256,66,ZB23.R60
p1,-1204,-1.2035023492537318e6,1.3312737058971778,15.026865671642486,67,ZB23.R60
p1,-1205,-1.2044956727272728e6,1.1900030203952203,14.860606060606766,66,ZB23.R60
p2,-1201,-1.2005062499999998e6,0.9628758461287302,13.068421052630967,76,ZB23.R60
p2,-1202,-1.2015003922077925e6,0.7800899049733864,12.981818181816367,77,ZB23.R60
p2,-1203,-1.2025032987012984e6,1.0460824771809245,13.018181818183633,77,ZB23.R60
p2,-1204,-1.2035026103896105e6,0.6143188936257328,12.971428571429175,77,ZB23.R60
p2,-1205,-1.2044997552631581e6,1.314810241992268,13.047368421050793,76,ZB23.R60
E,-1201,-1.2006433e6,0.5271526087925027,406.19999999995343,2,ZB23.R62
E,-1202,-1.2014544e6,0.8333317874041646,405.20000000006985,2,ZB23.R62
E,-1203,-1.2024674000000001e6,1.0167896071243268,405.19999999995343,3,ZB23.R62
E,-1204,-1.2034798e6,0.9619938586615823,404.4000000000233,2,ZB23.R62
E,-1205,-1.2042873e6,0.7616560762215974,403.0,2,ZB23.R62
e,-1201,-1.2005019200000002e6,1.8062723866981618,94.48000000000465,10,ZB23.R62
e,-1202,-1.2014929090909092e6,1.1216435949340773,94.03636363635518,11,ZB23.R62
e,-1203,-1.2024881400000001e6,1.416882161548185,98.36000000000931,10,ZB23.R62
e,-1204,-1.2034931600000001e6,1.8739604963835137,99.03999999999068,10,ZB23.R62
e,-1205,-1.204482e6,1.071833515158986,100.96000000000932,10,ZB23.R62
o1,-1201,-1.200510642857143e6,0.3632093744955632,23.34285714286047,42,ZB23.R62
o1,-1202,-1.2015047116279071e6,0.32980009397269017,23.3953488372093,43,ZB23.R62
o1,-1203,-1.2024988476190476e6,0.35310362798680894,23.390476190473972,42,ZB23.R62
o1,-1204,-1.2034926651162787e6,0.3656923902857594,23.37674418604543,43,ZB23.R62
o1,-1205,-1.204485976190476e6,0.32420220151939244,23.361904761903652,42,ZB23.R62
o12,-1201,-1.200505091666667e6,1.6491713829177235,20.766666666667636,48,ZB23.R62
o12,-1202,-1.2015049591836734e6,1.9410718151984099,20.49795918367157,49,ZB23.R62
o12,-1203,-1.202504779166667e6,1.0980350173612872,20.59166666666958,48,ZB23.R62
o12,-1204,-1.2035001959183675e6,1.6648781055928177,20.653061224489797,49,ZB23.R62
o12,-1205,-1.2044967708333333e6,1.1661705109943228,20.341666666664725,48,ZB23.R62
o2,-1201,-1.2005052041666664e6,1.604796045476405,20.72500000000097,48,ZB23.R62
o2,-1202,-1.2015049306122453e6,1.999667939442165,20.47346938775415,49,ZB23.R62
o2,-1203,-1.2025049416666667e6,1.123278404125473,20.616666666668607,48,ZB23.R62
o2,-1204,-1.2035002081632656e6,1.66307320907442,20.644897959185574,49,ZB23.R62
o2,-1205,-1.2044966541666666e6,1.2210702707684638,20.32499999999709,48,ZB23.R62
o3,-1201,-1.20050585862069e6,0.20339290140454946,17.027586206898157,58,ZB23.R62
o3,-1202,-1.2014977103448277e6,0.20060147856759947,17.310344827586206,58,ZB23.R62
o3,-1203,-1.2025049728813558e6,0.19364214220957723,17.010169491523055,59,ZB23.R62
o3,-1204,-1.2035079355932204e6,0.16715463658539045,16.983050847457626,59,ZB23.R62
o3,-1205,-1.2045024758620688e6,0.18824436878417777,17.03448275862069,58,ZB23.R62
p,-1201,-1.2004964027027027e6,1.5617445051474734,13.410810810809553,74,ZB23.R62
p,-1202,-1.2014933605633797e6,1.195136707553586,14.022535211268917,71,ZB23.R62
p,-1203,-1.20249155e6,1.3089336322417635,14.03333333333204,72,ZB23.R62
p,-1204,-1.203509889189189e6,1.586802785242806,13.389189189189818,74,ZB23.R62
p,-1205,-1.204493136111111e6,1.1170577316619723,13.849999999999353,72,ZB23.R62
p1,-1201,-1.2005019151515153e6,1.0495477954216517,15.066666666668784,66,ZB23.R62
p1,-1202,-1.2015036805970152e6,1.2004755085354466,15.02686567163901,67,ZB23.R62
p1,-1203,-1.2025060636363635e6,1.1330180773545142,15.121212121212121,66,ZB23.R62
p1,-1204,-1.203500063636364e6,1.2761865215344879,15.024242424243836,66,ZB23.R62
p1,-1205,-1.2044940060606056e6,1.0703392383219583,15.090909090909092,66,ZB23.R62
p2,-1201,-1.2005017605263146e6,1.4529730963193979,13.015789473683597,76,ZB23.R62
p2,-1202,-1.2014959064935064e6,0.6807870372423305,12.966233766232557,77,ZB23.R62
p2,-1203,-1.202497062337662e6,0.9269066233557515,13.09610389610571,77,ZB23.R62
p2,-1204,-1.203499226315791e6,1.3806785874152896,13.042105263157282,76,ZB23.R62
p2,-1205,-1.2044924657894738e6,0.6502122148903832,13.131578947368421,76,ZB23.R62
E,-1201,-1.2005312999999998e6,0.9078280695678437,403.0,2,ZB23.R63
E,-1202,-1.2015394666666666e6,1.2819916645437932,403.46666666671325,3,ZB23.R63
E,-1203,-1.2025483e6,1.3892187798600992,403.4000000000233,2,ZB23.R63
E,-1204,-1.2035554000000001e6,1.2089779566658807,402.2666666666046,3,ZB23.R63
E,-1205,-1.2045595e6,0.8153000584540118,401.0,2,ZB23.R63
e,-1201,-1.200556977777778e6,1.5488712035766652,106.48888888890441,9,ZB23.R63
e,-1202,-1.201526418181818e6,1.3250631018490615,92.9090909090909,11,ZB23.R63
e,-1203,-1.2025207799999998e6,1.3393930198411201,95.71999999999534,10,ZB23.R63
e,-1204,-1.2035136545454545e6,1.3409533085868652,93.12727272726426,11,ZB23.R63
e,-1205,-1.2045041800000002e6,1.3944961288717042,95.64000000001397,10,ZB23.R63
o1,-1201,-1.2005059714285717e6,0.7867366838161919,23.428571428571427,42,ZB23.R63
o1,-1202,-1.2015023162790698e6,0.7951568693595978,23.441860465116278,43,ZB23.R63
o1,-1203,-1.2024984952380953e6,0.8107944473543431,23.428571428571427,42,ZB23.R63
o1,-1204,-1.2034942837209303e6,0.8083811927240179,23.43255813953705,43,ZB23.R63
o1,-1205,-1.2044898095238095e6,0.7766643823490699,23.428571428571427,42,ZB23.R63
o12,-1201,-1.2005100208333333e6,1.087295139283112,20.341666666664725,48,ZB23.R63
o12,-1202,-1.2014991346938778e6,1.0781118557432317,20.6367346938766,49,ZB23.R63
o12,-1203,-1.2025044000000001e6,1.0647612685919619,20.22857142857048,49,ZB23.R63
o12,-1204,-1.203496326530612e6,1.0555698723293865,20.293877551023257,49,ZB23.R63
o12,-1205,-1.2044874530612247e6,1.0042489797485306,20.179591836735643,49,ZB23.R63
o2,-1201,-1.2004998734693879e6,1.037418363648212,20.26938775510109,49,ZB23.R63
o2,-1202,-1.2015023359999997e6,1.073550864838766,20.25600000000093,50,ZB23.R63
o2,-1203,-1.2025043795918366e6,1.085308898708185,20.253061224487894,49,ZB23.R63
o2,-1204,-1.2034963020408163e6,1.0410789570857202,20.22857142857048,49,ZB23.R63
o2,-1205,-1.204487387755102e6,1.0462414544930845,20.22857142857048,49,ZB23.R63
o3,-1201,-1.2005031614035089e6,0.8957737269023661,17.41052631578784,57,ZB23.R63
o3,-1202,-1.2014966701754387e6,0.9126326641133217,17.39649122807181,57,ZB23.R63
o3,-1203,-1.2024987137931038e6,1.0115110788834036,17.386206896550117,58,ZB23.R63
o3,-1204,-1.203496762068965e6,0.8818929722745092,17.1103448275846,58,ZB23.R63
o3,-1205,-1.2044878655172416e6,0.6700043185492576,17.179310344829993,58,ZB23.R63
p,-1201,-1.2005021200000003e6,1.508385781376741,14.148571428573424,70,ZB23.R63
p,-1202,-1.201503569014085e6,1.2663330328821072,14.10140845070357,71,ZB23.R63
p,-1203,-1.2024984514285715e6,1.5474047015653096,14.35428571428638,70,ZB23.R63
p,-1204,-1.2035070305555554e6,1.2404583059112797,13.89444444444315,72,ZB23.R63
p,-1205,-1.2045042724637678e6,1.440944956455746,14.342028985508597,69,ZB23.R63
p1,-1201,-1.200497558208955e6,1.4193422744490751,14.81791044776189,67,ZB23.R63
p1,-1202,-1.2014963701492536e6,1.1101190617268855,14.9134328358202,67,ZB23.R63
p1,-1203,-1.202500985507246e6,1.4278433854984964,14.608695652173912,69,ZB23.R63
p1,-1204,-1.2035087671641787e6,1.1113695534470533,14.90746268656786,67,ZB23.R63
p1,-1205,-1.204501955223881e6,1.3260745159642362,14.80000000000139,67,ZB23.R63
p2,-1201,-1.2005047684210509e6,0.8625295037857376,13.02105263157711,76,ZB23.R63
p2,-1202,-1.201500319480518e6,0.9026922541017524,13.012987012987013,77,ZB23.R63
p2,-1203,-1.202502171428574e6,0.8658511732285855,13.007792207793416,77,ZB23.R63
p2,-1204,-1.2035038259740258e6,0.9009024193395517,13.012987012987013,77,ZB23.R63
p2,-1205,-1.2044987842105264e6,0.8474366187761246,13.0,76,ZB23.R63
E,-1201,-1.2006396e6,1.0760938179011588,405.19999999995343,2,ZB23.R64
E,-1202,-1.2014519e6,1.3825620555904394,407.0,2,ZB23.R64
E,-1203,-1.2024713333333333e6,1.4994153362719362,408.0,3,ZB23.R64
E,-1204,-1.20349e6,1.3747660895250136,406.4000000000233,2,ZB23.R64
E,-1205,-1.2043008e6,1.039522031357284,404.4000000000233,2,ZB23.R64
e,-1201,-1.2005366666666667e6,1.054206853915281,94.8444444444548,9,ZB23.R64
e,-1202,-1.2014915454545454e6,1.225640910886018,96.83636363635941,11,ZB23.R64
e,-1203,-1.20249602e6,1.4607711462532431,94.43999999999069,10,ZB23.R64
e,-1204,-1.2034999272727275e6,1.2620924754183513,98.03636363637634,11,ZB23.R64
e,-1205,-1.2044970799999998e6,1.0220510418670457,92.63999999999069,10,ZB23.R64
o1,-1201,-1.2004968761904764e6,0.2974623863807373,23.447619047620158,42,ZB23.R64
o1,-1202,-1.201491911627907e6,0.3047814026568988,23.3953488372093,43,ZB23.R64
o1,-1203,-1.2024980325581394e6,0.30769928528576534,23.3953488372093,43,ZB23.R64
o1,-1204,-1.2035038325581395e6,0.3024014499995429,23.38604651162466,43,ZB23.R64
o1,-1205,-1.204497161904762e6,0.29050683302636754,23.276190476192692,42,ZB23.R64
o12,-1201,-1.200503229166667e6,1.4815392390529885,20.641666666667636,48,ZB23.R64
o12,-1202,-1.201502546938775e6,1.5337069061209914,20.653061224489797,49,ZB23.R64
o12,-1203,-1.2025031291666667e6,1.697699198985356,20.625,48,ZB23.R64
o12,-1204,-1.2035033591836737e6,1.786757369891009,20.56326530612435,49,ZB23.R64
o12,-1205,-1.2045024958333333e6,1.3950277760614724,20.67499999999806,48,ZB23.R64
o2,-1201,-1.2005032458333333e6,1.4770176690765506,20.625,48,ZB23.R64
o2,-1202,-1.2015025224489798e6,1.5293743279126102,20.6367346938766,49,ZB23.R64
o2,-1203,-1.2025031124999998e6,1.7110830823399485,20.625,48,ZB23.R64
o2,-1204,-1.2035034081632653e6,1.8193204682527286,20.563265306119597,49,ZB23.R64
o2,-1205,-1.2045024374999998e6,1.3680679684087123,20.641666666667636,48,ZB23.R64
o3,-1201,-1.2005077103448277e6,0.2577400622934034,17.186206896548512,58,ZB23.R64
o3,-1202,-1.2015007403508772e6,0.30351518402390104,17.29824561403509,57,ZB23.R64
o3,-1203,-1.2024952620689655e6,0.26713872830678315,17.282758620692064,58,ZB23.R64
o3,-1204,-1.2034980206896553e6,0.280526651248492,17.296551724137128,58,ZB23.R64
o3,-1205,-1.204500375862069e6,0.26190870404561517,17.262068965516438,58,ZB23.R64
p,-1201,-1.2005046347826086e6,1.3567608500466204,14.4173913043485,69,ZB23.R64
p,-1202,-1.2014973623188413e6,1.4666542581059343,14.411594202900575,69,ZB23.R64
p,-1203,-1.2024966583333334e6,1.4226299831771902,13.827777777775838,72,ZB23.R64
p,-1204,-1.2034987072463767e6,1.551082314324808,14.597101449274687,69,ZB23.R64
p,-1205,-1.2045061771428576e6,1.3690977904406172,14.205714285716281,70,ZB23.R64
p1,-1201,-1.2005125194029848e6,1.2755203883336557,14.81791044776189,67,ZB23.R64
p1,-1202,-1.2015007029411767e6,1.413209754958092,14.582352941174417,68,ZB23.R64
p1,-1203,-1.2025023294117646e6,1.1661644860431468,14.682352941178525,68,ZB23.R64
p1,-1204,-1.2035016382352943e6,1.4706040179175925,14.794117647058824,68,ZB23.R64
p1,-1205,-1.2045008089552245e6,1.1578791801737667,14.883582089551544,67,ZB23.R64
p2,-1201,-1.2005050605263158e6,0.6814543776871685,13.005263157896575,76,ZB23.R64
p2,-1202,-1.2015006493506497e6,0.7462682596313156,13.007792207790393,77,ZB23.R64
p2,-1203,-1.202503545454545e6,1.0395424995106217,13.033766233767443,77,ZB23.R64
p2,-1204,-1.2034989763157908e6,0.7821316632460178,13.015789473683597,76,ZB23.R64
p2,-1205,-1.2044935766233762e6,0.7711469127490403,13.002597402596798,77,ZB23.R64
